question,intent,original_faq_id
สาขาวิศวกรรมเครื่องกล มทร.พระนคร มีประวัติความเป็นมายังไง,about,471
มทร.พระนคร เดิมชื่ออะไร ตั้งแต่เมื่อไหร่,about,472
ตราสัญลักษณ์สาขาวิศวกรรมเครื่องกล มีความหมายอย่างไร,about,473
อาจารย์ใหญ่คนแรกของโรงเรียนช่างกลพระนครเหนือคือใคร,about,474
โรงเรียนช่างกลพระนครเหนือตั้งอยู่ที่ไหน,about,475
โรงเรียนช่างกลพระนครเหนือเริ่มเปิดสอนเมื่อไหร่ มีนักเรียนกี่คน,about,476
ปี พ.ศ. 2520 โรงเรียนช่างกลพระนครเหนือเปลี่ยนชื่อเป็นอะไร,about,477
พระบาทสมเด็จพระเจ้าอยู่หัว ทรงพระราชทานนาม มทร.พระนคร เมื่อไหร่,about,478
สาขาวิศวกรรมเครื่องกล มีการพัฒนาในช่วง 40 ปีที่ผ่านมาอย่างไร,about,481
มาตรฐานผลการเรียนรู้ที่คาดหวัง 5 ด้าน มีอะไรบ้าง?,about,515
ปรัชญาของสาขาวิชาวิศวกรรมโยธา มทร.พระนคร คืออะไร?,about,548
ความสำคัญของสาขาวิศวกรรมโยธาคืออะไร?,about,549
วัตถุประสงค์ของหลักสูตรวิศวกรรมโยธามีอะไรบ้าง?,about,550
บัณฑิตวิศวกรรมโยธา มทร.พระนคร ต้องมีคุณธรรมจริยธรรมอย่างไร?,about,551
วิศวกรโยธาจากมทร.พระนครต้องมีทักษะด้านไหนบ้าง?,about,552
สาขาวิศวกรรมโยธา มทร.พระนคร มุ่งผลิตบัณฑิตแบบไหน?,about,553
ทำไมต้องเรียนวิศวกรรมโยธา?,about,554
วิศวกรโยธาต้องมีความสามารถด้านเทคโนโลยีไหม?,about,555
ทำไมวิศวกรโยธาต้องเรียน Microsoft Excel?,about,577
Microsoft Excel สำคัญกับงานวิศวกรรมโยธาอย่างไร?,about,579
นักศึกษาวิศวกรรมโยธาควรมีทักษะด้าน IT อะไรบ้าง?,about,580
สาขาวิศวกรรมเครื่องมือและแม่พิมพ์ มทร.พระนคร มีประวัติความเป็นมาอย่างไร,about,589
สาขาวิศวกรรมเครื่องมือและแม่พิมพ์ เปิดสอนเมื่อไหร่,about,591
ปี 2542 สาขาวิศวกรรมเครื่องมือและแม่พิมพ์มีการพัฒนาอย่างไร,about,592
ชื่อเดิมของสาขาวิศวกรรมเครื่องมือและแม่พิมพ์คืออะไร,about,595
สาขาวิศวกรรมเครื่องมือและแม่พิมพ์ มีความร่วมมือกับต่างประเทศไหม,about,596
สาขาวิศวกรรมเครื่องมือและแม่พิมพ์ เป็นสาขาแรกของมหาวิทยาลัยหรือไม่,about,598
สาขาวิศวกรรมเครื่องมือและแม่พิมพ์ มีการพัฒนาด้านอะไรบ้าง,about,599
หลักสูตรนี้ได้รับการรับรองจากสภาวิศวกรหรือไม่ (ขอใบ กว. ได้ไหม)?,accreditation,514
วิศวกรรมคอมพิวเตอร์ มีกิจกรรมและการแข่งขัน,activities,156
หลักสูตรนี้มีกิจกรรมเสริมหลักสูตรไหม,activities,190
วิศวกรรมอุตสาหการ มีสหกิจศึกษาไหม,activities,207
วิศวกรรมการผลิตเครื่องประดับ มีการอบรมอะไรบ้าง,activities,259
วิศวกรรมการผลิตเครื่องประดับ มีกิจกรรมภายนอกอะไรบ้าง,activities,260
วิศวกรรมการผลิตเครื่องประดับ มีการศึกษาดูงานที่ไหนบ้าง,activities,261
ปี 4 ต้องฝึกงานแบบไหน,activities,309
คณะหาที่ฝึกงานให้ไหม,activities,310
ฝึกงานแล้วมีรายได้ไหม,activities,311
สาขาวิศวกรรมโยธา มทร.พระนคร มีโครงการอบรม Microsoft Excel ไหม?,activities,576
โครงการอบรม Excel วิศวกรรมโยธาสอนอะไรบ้าง?,activities,578
คุณสมบัติผู้สมัครหลักสูตร อส.บ. วิศวกรรมเทคโนโลยีนวัตกรรมเพื่อความยั่งยืน สาขาวิศวกรรมสื่อสารและระบบอัจฉริยะ,admission,2
สมัครได้ไหม,admission,2
ใครเรียนได้บ้าง,admission,2
เงื่อนไขการสมัคร,admission,2
คุณสมบัติผู้สมัคร,admission,2
จบ ปวส. สามารถเรียนต่อ อส.บ. ยั่งยืน ได้ไหม,admission,7
จบ ปวส เรียนได้ไหม,admission,7
ปวส เรียนต่อได้ไหม,admission,7
จบ ปวส สมัครได้ไหม,admission,7
SIME เหมาะกับคนที่มีพื้นฐานอะไร,admission,31
SIME รับนักศึกษาต่างชาติไหม,admission,49
หลักสูตร อส.บ. ยั่งยืน รับนักศึกษาต่างชาติไหม,admission,75
รับสมัครนักศึกษาใหม่ มทร.พระนคร ปีการศึกษา 2569 เปิดรับระดับไหนบ้าง,admission,93
สมัครได้ไหม,admission,93
ใครเรียนได้บ้าง,admission,93
เงื่อนไขการสมัคร,admission,93
คุณสมบัติผู้สมัคร,admission,93
รับสมัคร ปวช. มทร.พระนคร ใช้วุฒิอะไร,admission,94
สมัครได้ไหม,admission,94
ใครเรียนได้บ้าง,admission,94
เงื่อนไขการสมัคร,admission,94
คุณสมบัติผู้สมัคร,admission,94
รับสมัคร ปริญญาตรี TCAS มทร.พระนคร ใช้วุฒิอะไร,admission,95
สมัครได้ไหม,admission,95
ใครเรียนได้บ้าง,admission,95
เงื่อนไขการสมัคร,admission,95
คุณสมบัติผู้สมัคร,admission,95
รับสมัคร ปริญญาตรี มทร.พระนคร สำหรับผู้จบ ปวช. หรือ ปวส.,admission,96
สมัครได้ไหม,admission,96
ใครเรียนได้บ้าง,admission,96
เงื่อนไขการสมัคร,admission,96
คุณสมบัติผู้สมัคร,admission,96
จบ ปวส เรียนได้ไหม,admission,96
ปวส เรียนต่อได้ไหม,admission,96
จบ ปวส สมัครได้ไหม,admission,96
รับสมัคร บัณฑิตศึกษา มทร.พระนคร มีระดับไหนบ้าง,admission,97
สมัครได้ไหม,admission,97
ใครเรียนได้บ้าง,admission,97
เงื่อนไขการสมัคร,admission,97
คุณสมบัติผู้สมัคร,admission,97
สมัครเรียน มทร.พระนคร ออนไลน์ได้ที่ไหน,admission,103
สมัครได้ไหม,admission,103
ใครเรียนได้บ้าง,admission,103
เงื่อนไขการสมัคร,admission,103
คุณสมบัติผู้สมัคร,admission,103
วิศวกรรมคอมพิวเตอร์ รับสมัครนักศึกษายังไง,admission,145
สมัครได้ไหม,admission,145
ใครเรียนได้บ้าง,admission,145
เงื่อนไขการสมัคร,admission,145
คุณสมบัติผู้สมัคร,admission,145
วิศวกรรมคอมพิวเตอร์ หลักสูตรต่อเนื่อง รับวุฒิอะไร,admission,162
รับสมัคร ปวช. ช่างเทคนิคคอมพิวเตอร์ ใช้วุฒิอะไร,admission,166
สมัครได้ไหม,admission,166
ใครเรียนได้บ้าง,admission,166
เงื่อนไขการสมัคร,admission,166
คุณสมบัติผู้สมัคร,admission,166
เทียบโอนรายวิชาได้มากที่สุดกี่หน่วยกิต,admission,187
เกรดขั้นต่ำของวิชาที่จะขอเทียบโอนต้องได้เท่าไหร่,admission,188
นิสิตจากต่างสถาบันขอเทียบโอนเข้าเรียนได้ไหม,admission,189
วิศวกรรมอุตสาหการ รับสมัครนักศึกษายังไง,admission,205
สมัครได้ไหม,admission,205
ใครเรียนได้บ้าง,admission,205
เงื่อนไขการสมัคร,admission,205
คุณสมบัติผู้สมัคร,admission,205
รับนักศึกษาต่างชาติหรือไม่,admission,227
ผู้จบ ม.6 สามารถสมัครเรียนได้หรือไม่,admission,228
สมัครได้ไหม,admission,228
ใครเรียนได้บ้าง,admission,228
เงื่อนไขการสมัคร,admission,228
คุณสมบัติผู้สมัคร,admission,228
ผู้จบ ปวช. สามารถสมัครเรียนหลักสูตร 4 ปีได้หรือไม่,admission,229
สมัครได้ไหม,admission,229
ใครเรียนได้บ้าง,admission,229
เงื่อนไขการสมัคร,admission,229
คุณสมบัติผู้สมัคร,admission,229
มีหลักสูตรเทียบโอนสำหรับผู้จบ ปวส. หรือไม่,admission,230
จบ ปวส เรียนได้ไหม,admission,230
ปวส เรียนต่อได้ไหม,admission,230
จบ ปวส สมัครได้ไหม,admission,230
ค่าเทอมภาคปกติ หลักสูตรวิศวกรรมอุตสาหการ เท่าไหร่,admission,233
ค่าเทอมภาคสมทบ หลักสูตรวิศวกรรมอุตสาหการ เท่าไหร่,admission,234
ค่าเทอมภาคปกติสาขาวิศวกรรมเครื่องประดับเท่าไหร่,admission,281
รับผู้จบวุฒิอะไรบ้าง,admission,282
เด็กสายศิลป์สมัครเรียนได้ไหม,admission,283
สมัครได้ไหม,admission,283
ใครเรียนได้บ้าง,admission,283
เงื่อนไขการสมัคร,admission,283
คุณสมบัติผู้สมัคร,admission,283
ต้องสอบวิชาความถนัดทางศิลปะไหม,admission,284
ถ้าวาดรูปไม่เก่ง เรียนได้ไหม,admission,285
คนถนัดซ้ายเรียนปฏิบัติได้ไหม,admission,286
รับผู้หญิงเรียนไหม,admission,287
ใช้คะแนน TGAT/TPAT ไหม,admission,288
สาขานี้รับรอบโควตาไหม,admission,319
ต้องสอบสัมภาษณ์ไหม,admission,320
เตรียมตัวอย่างไรก่อนมาสมัคร,admission,321
สมัครได้ไหม,admission,321
ใครเรียนได้บ้าง,admission,321
เงื่อนไขการสมัคร,admission,321
คุณสมบัติผู้สมัคร,admission,321
คุณสมบัติผู้เข้าศึกษา (หลักสูตร 4 ปี) มีอะไรบ้าง?,Admission,531
รับนักศึกษาต่างชาติหรือไม่?,Admission,532
คุณสมบัติผู้เข้าศึกษาต่อ ป.โท มีอะไรบ้าง?,Admission,567
จัดการเรียนการสอนวันไหนบ้าง?,Admission,568
คุณสมบัติผู้สมัครหลักสูตร อส.บ. วิศวกรรมเทคโนโลยีนวัตกรรมเพื่อความยั่งยืน,admission,621
สมัครได้ไหม,admission,621
ใครเรียนได้บ้าง,admission,621
เงื่อนไขการสมัคร,admission,621
คุณสมบัติผู้สมัคร,admission,621
จบ อส.บ. วิศวกรรมเทคโนโลยีนวัตกรรมเพื่อความยั่งยืน ทำงานอะไรได้บ้าง,career,10
จบแล้วทำงานอะไร,career,10
ทำงานอะไรได้บ้าง,career,10
อาชีพหลังจบ,career,10
ทำงานด้านไหน,career,10
จบ SIME แล้วทำงานอะไรได้บ้าง,career,29
จบแล้วทำงานอะไร,career,29
ทำงานอะไรได้บ้าง,career,29
อาชีพหลังจบ,career,29
ทำงานด้านไหน,career,29
จบ SIME สามารถประกอบอาชีพอะไรได้บ้าง,career,57
จบแล้วทำงานอะไร,career,57
ทำงานอะไรได้บ้าง,career,57
อาชีพหลังจบ,career,57
ทำงานด้านไหน,career,57
จบ SIME เป็นวิศวกรด้านไหนได้บ้าง,career,58
จบแล้วทำงานอะไร,career,58
ทำงานอะไรได้บ้าง,career,58
อาชีพหลังจบ,career,58
ทำงานด้านไหน,career,58
จบ SIME ทำงานด้านวิจัยได้ไหม,career,59
จบแล้วทำงานอะไร,career,59
ทำงานอะไรได้บ้าง,career,59
อาชีพหลังจบ,career,59
ทำงานด้านไหน,career,59
จบ SIME ประกอบธุรกิจส่วนตัวได้ไหม,career,60
จบแล้วทำงานอะไร,career,60
ทำงานอะไรได้บ้าง,career,60
อาชีพหลังจบ,career,60
ทำงานด้านไหน,career,60
จบ SIME เป็นนักวิชาการได้ไหม,career,61
จบแล้วทำงานอะไร,career,61
ทำงานอะไรได้บ้าง,career,61
อาชีพหลังจบ,career,61
ทำงานด้านไหน,career,61
จบ SIME ทำงานในโรงงานได้ไหม,career,62
จบแล้วทำงานอะไร,career,62
ทำงานอะไรได้บ้าง,career,62
อาชีพหลังจบ,career,62
ทำงานด้านไหน,career,62
จบ SIME ได้เงินเดือนเท่าไหร่,career,63
จบแล้วทำงานอะไร,career,63
ทำงานอะไรได้บ้าง,career,63
อาชีพหลังจบ,career,63
ทำงานด้านไหน,career,63
จบ SIME ทำงานภาครัฐได้ไหม,career,64
จบแล้วทำงานอะไร,career,64
ทำงานอะไรได้บ้าง,career,64
อาชีพหลังจบ,career,64
ทำงานด้านไหน,career,64
จบ SIME ทำงานด้านพลังงานได้ไหม,career,65
จบแล้วทำงานอะไร,career,65
ทำงานอะไรได้บ้าง,career,65
อาชีพหลังจบ,career,65
ทำงานด้านไหน,career,65
จบ SIME ทำงานด้านสิ่งแวดล้อมได้ไหม,career,66
จบแล้วทำงานอะไร,career,66
ทำงานอะไรได้บ้าง,career,66
อาชีพหลังจบ,career,66
ทำงานด้านไหน,career,66
จบ อส.บ. ยั่งยืน ทำงานหน่วยงานไหนได้บ้าง,career,72
จบแล้วทำงานอะไร,career,72
ทำงานอะไรได้บ้าง,career,72
อาชีพหลังจบ,career,72
ทำงานด้านไหน,career,72
จบ อส.บ. ยั่งยืน สามารถเป็นวิศวกรนักปฏิบัติได้ไหม,career,86
จบแล้วทำงานอะไร,career,86
ทำงานอะไรได้บ้าง,career,86
อาชีพหลังจบ,career,86
ทำงานด้านไหน,career,86
จบ อส.บ. ยั่งยืน เป็นวิศวกรออกแบบได้ไหม,career,87
จบแล้วทำงานอะไร,career,87
ทำงานอะไรได้บ้าง,career,87
อาชีพหลังจบ,career,87
ทำงานด้านไหน,career,87
จบ อส.บ. ยั่งยืน สร้างสิ่งประดิษฐ์และนวัตกรรมได้ไหม,career,88
จบแล้วทำงานอะไร,career,88
ทำงานอะไรได้บ้าง,career,88
อาชีพหลังจบ,career,88
ทำงานด้านไหน,career,88
จบ อส.บ. ยั่งยืน ทำงานเป็นวิศวกรโรงงานได้ไหม,career,89
จบแล้วทำงานอะไร,career,89
ทำงานอะไรได้บ้าง,career,89
อาชีพหลังจบ,career,89
ทำงานด้านไหน,career,89
จบ อส.บ. ยั่งยืน ทำงานด้านควบคุมคุณภาพได้ไหม,career,90
จบแล้วทำงานอะไร,career,90
ทำงานอะไรได้บ้าง,career,90
อาชีพหลังจบ,career,90
ทำงานด้านไหน,career,90
จบ อส.บ. ยั่งยืน ทำงานด้านหุ่นยนต์ได้ไหม,career,91
จบแล้วทำงานอะไร,career,91
ทำงานอะไรได้บ้าง,career,91
อาชีพหลังจบ,career,91
ทำงานด้านไหน,career,91
จบ อส.บ. ยั่งยืน เป็นนักบริหารได้ไหม,career,92
จบแล้วทำงานอะไร,career,92
ทำงานอะไรได้บ้าง,career,92
อาชีพหลังจบ,career,92
ทำงานด้านไหน,career,92
จบวิศวกรรมคอมพิวเตอร์ ทำงานอะไรได้บ้าง,career,153
จบแล้วทำงานอะไร,career,153
ทำงานอะไรได้บ้าง,career,153
อาชีพหลังจบ,career,153
ทำงานด้านไหน,career,153
จบ ปวช. ช่างเทคนิคคอมพิวเตอร์ ที่นี่แล้วต่อไหนได้บ้าง,career,167
จบแล้วทำงานอะไร,career,167
ทำงานอะไรได้บ้าง,career,167
อาชีพหลังจบ,career,167
ทำงานด้านไหน,career,167
จบวิศวกรรมอุตสาหการ ทำงานอะไรได้บ้าง,career,203
จบแล้วทำงานอะไร,career,203
ทำงานอะไรได้บ้าง,career,203
อาชีพหลังจบ,career,203
ทำงานด้านไหน,career,203
จบ IE เป็นเจ้าของกิจการได้ไหม,career,214
จบแล้วทำงานอะไร,career,214
ทำงานอะไรได้บ้าง,career,214
อาชีพหลังจบ,career,214
ทำงานด้านไหน,career,214
นอกจากโรงงาน จบ IE ทำงานที่ปรึกษาได้ไหม,career,215
จบแล้วทำงานอะไร,career,215
ทำงานอะไรได้บ้าง,career,215
อาชีพหลังจบ,career,215
ทำงานด้านไหน,career,215
จบวิศวกรรมอุตสาหการ รับราชการได้ไหม,career,216
จบแล้วทำงานอะไร,career,216
ทำงานอะไรได้บ้าง,career,216
อาชีพหลังจบ,career,216
ทำงานด้านไหน,career,216
จบแล้วสามารถประกอบอาชีพอะไรได้บ้าง,career,248
จบแล้วทำงานอะไร,career,248
ทำงานอะไรได้บ้าง,career,248
อาชีพหลังจบ,career,248
ทำงานด้านไหน,career,248
จบหลักสูตรนี้เป็นข้าราชการได้ไหม,career,249
จบแล้วทำงานอะไร,career,249
ทำงานอะไรได้บ้าง,career,249
อาชีพหลังจบ,career,249
ทำงานด้านไหน,career,249
จบวิศวกรรมการผลิตเครื่องประดับ ทำงานอะไรได้บ้าง,career,268
จบแล้วทำงานอะไร,career,268
ทำงานอะไรได้บ้าง,career,268
อาชีพหลังจบ,career,268
ทำงานด้านไหน,career,268
วิศวกรรมการผลิตเครื่องประดับ บริษัทไหนรับบัณฑิตบ้าง,career,269
จบแล้วทำงานอะไร,career,269
ทำงานอะไรได้บ้าง,career,269
อาชีพหลังจบ,career,269
ทำงานด้านไหน,career,269
จบแล้วทำงานตำแหน่งอะไรได้บ้าง,career,302
จบแล้วทำงานอะไร,career,302
ทำงานอะไรได้บ้าง,career,302
อาชีพหลังจบ,career,302
ทำงานด้านไหน,career,302
เงินเดือนเริ่มต้นประมาณเท่าไหร่,career,303
จบแล้วทำงานอะไร,career,303
ทำงานอะไรได้บ้าง,career,303
อาชีพหลังจบ,career,303
ทำงานด้านไหน,career,303
เป็นดีไซเนอร์ (Designer) ได้ไหม,career,304
จบแล้วทำงานอะไร,career,304
ทำงานอะไรได้บ้าง,career,304
อาชีพหลังจบ,career,304
ทำงานด้านไหน,career,304
ทำงานที่บริษัทไหนได้บ้าง,career,305
จบแล้วทำงานอะไร,career,305
ทำงานอะไรได้บ้าง,career,305
อาชีพหลังจบ,career,305
ทำงานด้านไหน,career,305
จบแล้วไปเปิดร้านเองได้ไหม,career,306
จบแล้วทำงานอะไร,career,306
ทำงานอะไรได้บ้าง,career,306
อาชีพหลังจบ,career,306
ทำงานด้านไหน,career,306
งานสายนี้ต้องทำงานในกรุงเทพฯ อย่างเดียวไหม,career,307
จบแล้วทำงานอะไร,career,307
ทำงานอะไรได้บ้าง,career,307
อาชีพหลังจบ,career,307
ทำงานด้านไหน,career,307
ไปทำงานต่างประเทศได้ไหม,career,308
จบแล้วทำงานอะไร,career,308
ทำงานอะไรได้บ้าง,career,308
อาชีพหลังจบ,career,308
ทำงานด้านไหน,career,308
บัณฑิตสาขาวิศวกรรมเครื่องกล มทร.พระนคร มีคุณภาพอย่างไร,career,480
จบแล้วทำงานอะไร,career,480
ทำงานอะไรได้บ้าง,career,480
อาชีพหลังจบ,career,480
ทำงานด้านไหน,career,480
จบไปแล้วประกอบอาชีพอะไรได้บ้าง?,Careers,542
เงื่อนไขรายวิชาสหกิจศึกษาเป็นอย่างไร?,Co-op,539
ถ้าไม่เรียนสหกิจศึกษา มีทางเลือกอื่นหรือไม่?,Co-op,540
ติดต่อสาขา SIME ได้ที่ไหน,contact,16
เบอร์โทรศัพท์สาขา SIME คืออะไร,contact,17
อีเมลสาขา SIME คืออะไร,contact,18
ติดต่อคณะวิศวกรรมศาสตร์ มทร.พระนคร ได้ที่ไหน,contact,22
สอบถามข้อมูลการเรียนสาขา SIME ได้ที่ไหน,contact,23
ติดต่อ One Stop Service มทร.พระนคร ได้อย่างไร,contact,104
วิศวกรรมคอมพิวเตอร์ มีช่องทางติดต่ออะไรบ้าง,contact,147
วิศวกรรมคอมพิวเตอร์ ติดต่อ: เบอร์โทร อีเมล ที่ตั้ง,contact,158
วิศวกรรมอุตสาหการ ติดต่อ: เบอร์โทร อีเมล ที่ตั้ง,contact,209
ติดต่อสอบถามข้อมูลหลักสูตรได้ที่ไหน,contact,256
วิศวกรรมการผลิตเครื่องประดับ ติดต่อ: เบอร์โทร อีเมล ที่ตั้ง,contact,271
ติดต่อสาขาวิศวกรรมเครื่องประดับได้ที่เบอร์ไหน,contact,316
เว็บไซต์สาขาวิศวกรรมเครื่องประดับคืออะไร,contact,317
Facebook เพจของสาขาชื่ออะไร,contact,318
เว็บไซต์สาขาวิศวกรรมเครื่องกล มทร.พระนคร คืออะไร,contact,504
สาขาวิศวกรรมเครื่องกล มี Facebook Page ไหม,contact,505
สาขาวิศวกรรมเครื่องกล มี YouTube Channel ไหม,contact,506
สาขาวิศวกรรมเครื่องกล มี TikTok ไหม,contact,507
เว็บไซต์มหาวิทยาลัย มทร.พระนคร อยู่ที่ไหน,contact,508
เว็บไซต์คณะวิศวกรรมศาสตร์ มทร.พระนคร อยู่ที่ไหน,contact,509
เว็บทะเบียน มทร.พระนคร อยู่ที่ไหน,contact,510
นักศึกษาวิศวกรรมเครื่องกล เข้าถึงฐานข้อมูลวิชาการได้ไหม,contact,511
ติดต่อสาขาวิศวกรรมเครื่องกลผ่าน Social Media ได้ไหม,contact,512
สาขาวิศวกรรมเครื่องกล มทร.พระนคร ตั้งอยู่ที่ไหน,contact,513
สาขาวิศวกรรมโยธา มทร.พระนคร อยู่ที่ไหน?,contact,581
ติดต่อสาขาวิศวกรรมโยธา มทร.พระนคร ได้ทางไหนบ้าง?,contact,582
เบอร์โทรสาขาวิศวกรรมโยธา มทร.พระนคร คืออะไร?,contact,583
อีเมลสาขาวิศวกรรมโยธา มทร.พระนคร คืออะไร?,contact,584
Facebook สาขาวิศวกรรมโยธา มทร.พระนคร คืออะไร?,contact,585
เว็บไซต์สาขาวิศวกรรมโยธา มทร.พระนคร คืออะไร?,contact,586
สาขาวิศวกรรมโยธา มทร.พระนคร อยู่เขตไหน?,contact,587
รหัสไปรษณีย์สาขาวิศวกรรมโยธา มทร.พระนคร คืออะไร?,contact,588
ที่ตั้งของสาขาวิศวกรรมเครื่องมือและแม่พิมพ์ อยู่ที่ไหน,contact,597
ติดต่อสาขาวิศวกรรมเครื่องมือและแม่พิมพ์ได้ที่ไหน,contact,611
เบอร์โทรสาขาวิศวกรรมเครื่องมือและแม่พิมพ์คือเท่าไหร่,contact,612
สาขาวิศวกรรมเครื่องมือและแม่พิมพ์ อยู่ตึกไหน,contact,613
วิธีไปสาขาวิศวกรรมเครื่องมือและแม่พิมพ์ ไปอย่างไร,contact,614
สาขาแม่พิมพ์ มทร.พระนคร อยู่ใกล้ MRT สถานีไหน,contact,615
ต้องการข้อมูลเพิ่มเติมเกี่ยวกับสาขาแม่พิมพ์ ติดต่อที่ไหน,contact,616
สาขาวิศวกรรมเครื่องมือและแม่พิมพ์ มีแผนที่ไหม,contact,617
ส่งเอกสารถึงสาขาแม่พิมพ์ ส่งไปที่ไหน,contact,618
รหัสไปรษณีย์ของสาขาวิศวกรรมเครื่องมือและแม่พิมพ์คืออะไร,contact,619
โทรสารสาขาวิศวกรรมเครื่องมือและแม่พิมพ์เบอร์อะไร,contact,620
กองพัฒนานักศึกษา มทร.พระนคร ติดต่อได้ที่ไหน,contact,629
ติดต่อสำนักวิทยบริการและเทคโนโลยีสารสนเทศ มทร.พระนคร,contact,643
ติดต่อสอบถามข้อมูลห้องออกกำลังกายได้ที่ไหน,contact,653
วิศวกรรมอุตสาหการ มีความร่วมมือกับหน่วยงานอะไรบ้าง,cooperation,206
วิศวกรรมการผลิตเครื่องประดับ มีความร่วมมือกับหน่วยงานอะไรบ้าง,cooperation,263
มีวิชาเลือกทางวิศวกรรมที่น่าสนใจอะไรบ้าง?,course,520
วิชาคณิตศาสตร์ขั้นสูงสำหรับวิศวกรรมโยธา (Advanced Math) เรียนเกี่ยวกับอะไร?,Course Description,562
วิชาระเบียบวิธีวิจัยทางด้านวิศวกรรมโยธา (Research Methodology) เรียนเกี่ยวกับอะไร?,Course Description,563
วิชาสัมมนาทางวิศวกรรมโยธา (Seminar) ต้องทำอะไรบ้าง?,Course Description,564
ความหมายของรหัสวิชา (เช่น EN...) คืออะไร?,Courses,536
มีวิชาบังคับทางวิศวกรรมที่สำคัญอะไรบ้าง?,Courses,537
หมวดวิชาเลือกเสรีเรียนอะไรได้บ้าง?,Courses,538
หลักสูตร อส.บ. ยั่งยืน มีจำนวนหน่วยกิตรวมทั้งหมดกี่หน่วยกิต,curriculum,78
หมวดวิชาศึกษาทั่วไปของ อส.บ. ยั่งยืน มีกี่หน่วยกิต,curriculum,79
หมวดวิชาเฉพาะของ อส.บ. ยั่งยืน มีกี่หน่วยกิต,curriculum,80
หมวดวิชาเลือกเสรีของ อส.บ. ยั่งยืน มีกี่หน่วยกิต,curriculum,81
กลุ่มวิชาภาษาต่างประเทศของ อส.บ. ยั่งยืน มีกี่หน่วยกิต,curriculum,82
กลุ่มวิชาชีพบังคับของ อส.บ. ยั่งยืน มีกี่หน่วยกิต,curriculum,83
กลุ่มวิชาชีพเลือกของ อส.บ. ยั่งยืน มีกี่หน่วยกิต,curriculum,84
กลุ่มวิชาพื้นฐานวิชาชีพของ อส.บ. ยั่งยืน มีกี่หน่วยกิต,curriculum,85
จำนวนหน่วยกิตรวมตลอดหลักสูตรกี่หน่วยกิต?,Curriculum,533
ระยะเวลาการศึกษาตามแผนคือกี่ปี?,Curriculum,534
หมวดวิชาศึกษาทั่วไปประกอบด้วยกลุ่มวิชาอะไรบ้าง?,Curriculum,535
หลักสูตร ป.โท โยธา มีกี่แผนการเรียน ต่างกันอย่างไร?,Curriculum,560
วิทยานิพนธ์ (Thesis) กับ การค้นคว้าอิสระ (IS) หน่วยกิตต่างกันอย่างไร?,Curriculum,561
มีวิชาเลือกทางวิศวกรรมโครงสร้างที่น่าสนใจอะไรบ้าง?,Curriculum,565
มีวิชาเลือกทางด้านการบริหารงานก่อสร้างหรือไม่?,Curriculum,566
อาจารย์วิศวกรรมเครื่องกล มีแบบฟอร์มอะไรบ้างที่ต้องใช้,document,489
นักศึกษาปริญญาโท วิศวกรรมเครื่องกล ต้องใช้แบบฟอร์มอะไรบ้าง,document,490
ทำโครงงานปริญญานิพนธ์วิศวกรรมเครื่องกล ต้องมีแบบฟอร์มอะไรบ้าง,document,491
วิชาการเตรียมโครงงานวิศวกรรมเครื่องกล มีแบบฟอร์มไหม,document,492
วิชาโครงงานวิศวกรรมเครื่องกล มีแบบฟอร์มอะไรบ้าง,document,493
สหกิจศึกษาวิศวกรรมเครื่องกล มีเอกสารอะไรบ้าง,document,494
ดาวน์โหลดแบบฟอร์มวิศวกรรมเครื่องกลได้จากไหน,document,495
แบบฟอร์มโครงงานปรับปรุงล่าสุดปีไหน,document,496
ทำโครงงานต้องมีการบันทึกการเข้าพบอาจารย์ไหม,document,497
ต้องการวัสดุทำโครงงานวิศวกรรมเครื่องกล ทำอย่างไร,document,498
สอบหัวข้อโครงงานวิศวกรรมเครื่องกล ต้องเตรียมเอกสารอะไรบ้าง,document,499
สอบจบปริญญานิพนธ์วิศวกรรมเครื่องกล ต้องมีเอกสารอะไร,document,500
มีคู่มือการทำเล่มปริญญานิพนธ์วิศวกรรมเครื่องกลไหม,document,501
อาจารย์นิเทศสหกิจวิศวกรรมเครื่องกล ต้องมีเอกสารอะไรบ้าง,document,502
หลังจากออกสหกิจวิศวกรรมเครื่องกลแล้ว ต้องทำอะไรบ้าง,document,503
สาขาวิศวกรรมคอมพิวเตอร์ มีห้อง Lab อะไรบ้าง,facilities,148
ห้องปฏิบัติการคอมพิวเตอร์ มีความพร้อมแค่ไหน,facilities,169
ห้อง Lab ไมโครโพรเซสเซอร์และ IoT มีอุปกรณ์อะไรบ้าง,facilities,170
ห้อง Lab Database ใช้อุปกรณ์และโปรแกรมอะไร,facilities,171
ห้อง Lab AI เรียนเกี่ยวกับอะไรบ้าง,facilities,172
ห้อง Lab เขียนโปรแกรม ใช้ทำอะไรบ้าง,facilities,173
ห้อง Lab OS และ Server เรียนอะไร,facilities,174
วิศวกรรมอุตสาหการ มีห้อง Lab อะไรบ้าง,facilities,200
วิศวกรรมอุตสาหการ ใช้ซอฟต์แวร์อะไรบ้าง,facilities,201
วิศวกรรมการผลิตเครื่องประดับ มีห้อง Lab อะไรบ้าง,facilities,266
วิศวกรรมการผลิตเครื่องประดับ ใช้ซอฟต์แวร์อะไรบ้าง,facilities,267
มีเครื่อง 3D Printer ให้ใช้ไหม,facilities,298
ห้องปฏิบัติการหล่อโลหะ มีเครื่องมืออะไรบ้าง,facilities,299
อุปกรณ์เครื่องมือช่างต้องซื้อเองไหม,facilities,300
คอมพิวเตอร์ที่คณะแรงพอสำหรับกราฟิกไหม,facilities,301
ความพร้อมของห้องปฏิบัติการและเครื่องมือเป็นอย่างไร?,Facilities,546
มีสิ่งอำนวยความสะดวกสนับสนุนการเรียนอย่างไร?,Facilities,573
สาขาวิศวกรรมเครื่องมือและแม่พิมพ์ มีห้องปฏิบัติการอะไรบ้าง,facilities,601
ห้องปฏิบัติการเครื่องจักรกลอัตโนมัติ มีอะไรบ้าง,facilities,602
ห้องปฏิบัติการ CAD-CAM-CAE ใช้ทำอะไร,facilities,603
ห้องปฏิบัติการงานวัดละเอียด มีเครื่องมืออะไรบ้าง,facilities,604
โรงฝึกปฏิบัติงานเครื่องมือกลพื้นฐาน มีอะไรบ้าง,facilities,605
ห้องปฏิบัติการของสาขาแม่พิมพ์ เหมาะสำหรับนักศึกษาระดับไหน,facilities,607
สาขาเครื่องมือและแม่พิมพ์ มีเครื่อง CNC ทันสมัยไหม,facilities,608
สาขาวิศวกรรมเครื่องมือและแม่พิมพ์ มีอุปกรณ์วัดทันสมัยไหม,facilities,610
โรงเรียนช่างกลพระนครเหนือในยุคแรกมีอาคารอะไรบ้าง,facility,479
มีผู้ทรงคุณวุฒิภายนอกร่วมพัฒนาหลักสูตรหรือไม่?,Faculty,543
ใครคืออาจารย์ผู้รับผิดชอบหลักสูตร?,Faculty,574
วิศวกรรมคอมพิวเตอร์ ภาคปกติ กับ ภาคต่อเนื่อง ต่างกันอย่างไร,faq,168
ค่าบำรุงการศึกษา (ค่าเทอม) ภาคสมทบ/ภาคพิเศษเท่าไหร่?,fee,521
ค่าบำรุงการศึกษา (ค่าเทอม) ประมาณเท่าไหร่?,Fees,541
ค่าเทอม ป.โท วิศวกรรมโยธา เท่าไหร่?,Fees,575
วิศวกรรมคอมพิวเตอร์ จุดเด่น / ทำไมต้องเลือกเรียน,general,157
หลักสูตรปรับปรุงล่าสุดเริ่มใช้เมื่อไหร่,general,193
วิศวกรรมอุตสาหการ จุดเด่น / ทำไมต้องเลือกเรียน,general,204
ชื่อปริญญาภาษาอังกฤษ ของวิศวกรรมอุตสาหการ คืออะไร,general,210
หลักสูตรวิศวกรรมอุตสาหการ ปี 2565 มีชื่อเต็มภาษาไทยว่าอะไร,general,217
หลักสูตรวิศวกรรมอุตสาหการ ปี 2565 มีชื่อเต็มภาษาอังกฤษว่าอะไร,general,218
ชื่อปริญญาภาษาไทยสาขาวิศวกรรมอุตสาหการ (ฉบับเต็ม) คืออะไร,general,219
ชื่อปริญญาภาษาไทยสาขาวิศวกรรมอุตสาหการ (ฉบับย่อ) คืออะไร,general,220
ชื่อปริญญาภาษาอังกฤษสาขาวิศวกรรมอุตสาหการ (ฉบับเต็ม) คืออะไร,general,221
ชื่อปริญญาภาษาอังกฤษสาขาวิศวกรรมอุตสาหการ (ฉบับย่อ) คืออะไร,general,222
ภาษาที่ใช้ในการจัดการเรียนการสอนคือภาษาอะไร,general,225
หลักสูตรมีความร่วมมือ (MOU) กับสถาบันการศึกษาใด,general,250
จุดเด่นของหลักสูตรปรับปรุง 2565 คืออะไร,general,253
หลักสูตรนี้เน้นสร้างบัณฑิตแบบไหน (ปรัชญา),general,254
สาขาวิศวกรรมการผลิตเครื่องประดับ มีชื่ออื่นอีกไหม,general,264
วิศวกรรมการผลิตเครื่องประดับ จุดเด่น / ทำไมต้องเลือกเรียน,general,270
สาขาวิชาวิศวกรรมการผลิตเครื่องประดับ ชื่อปริญญาภาษาไทยคืออะไร,general,272
สาขาวิชาวิศวกรรมการผลิตเครื่องประดับ ชื่อปริญญาภาษาอังกฤษคืออะไร,general,273
รหัสหลักสูตรคืออะไร,general,277
หลักสูตรนี้เน้นสร้างบัณฑิตแบบไหน,general,278
วุฒิ อส.บ. ต่างจาก วศ.บ. อย่างไร,general,279
มีความร่วมมือกับสถาบันอัญมณี (GIT) ไหม,general,313
เรียนยากไหม,general,314
ชื่อหลักสูตรภาษาไทยและภาษาอังกฤษคืออะไร?,General Info,524
ชื่อปริญญาและอักษรย่อสาขาวิศวกรรมเครื่องกลคืออะไร?,General Info,525
รหัสหลักสูตรคืออะไร?,General Info,526
สถานที่จัดการเรียนการสอนอยู่ที่ไหน?,General Info,527
จัดการเรียนการสอนเป็นภาษาอะไร?,General Info,528
ปรัชญาของหลักสูตรวิศวกรรมเครื่องกล (2565) คืออะไร?,General Info,529
วัตถุประสงค์หลักของหลักสูตรวิศวกรรมเครื่องกลคืออะไร?,General Info,530
เริ่มใช้หลักสูตรปรับปรุงใหม่นี้เมื่อไหร่?,General Info,544
ชื่อหลักสูตรปริญญาโท สาขาโยธา คืออะไร?,General Info,556
ปรัชญาของหลักสูตรวิศวกรรมโยธา (Philosophy) คืออะไร?,General Info,557
วัตถุประสงค์ของหลักสูตรวิศวกรรมโยธา (Objectives) มีอะไรบ้าง?,General Info,558
หลักสูตรนี้เหมาะกับใคร (Target Group)?,General Info,559
เงื่อนไขการตีพิมพ์ผลงาน (Publication) เพื่อจบการศึกษา?,Graduation,569
เกณฑ์ภาษาอังกฤษก่อนจบ (Exit Exam)?,Graduation,570
สาขาวิศวกรรมคอมพิวเตอร์ มทร.พระนคร ก่อตั้งเมื่อไหร่,history,159
หลักสูตรต่อเนื่อง 2 ปี วิศวกรรมคอมพิวเตอร์ เริ่มมีตอนไหน,history,160
สาขานี้เปิดสอนมานานหรือยัง,history,312
รายละเอียดหลักสูตรฉบับเต็ม อส.บ. ยั่งยืน หาได้ที่ไหน,information,8
ข้อมูลเพิ่มเติม,information,8
รายละเอียดเพิ่มเติม,information,8
หาข้อมูลได้ที่ไหน,information,8
ดูเพิ่มเติมที่ไหน,information,8
สาขา SIME ก่อตั้งเมื่อไหร่,information,11
ข้อมูลเพิ่มเติม,information,11
รายละเอียดเพิ่มเติม,information,11
หาข้อมูลได้ที่ไหน,information,11
ดูเพิ่มเติมที่ไหน,information,11
ทำไมต้องมีหลักสูตร SIME วิศวกรรมความยั่งยืน,information,12
ข้อมูลเพิ่มเติม,information,12
รายละเอียดเพิ่มเติม,information,12
หาข้อมูลได้ที่ไหน,information,12
ดูเพิ่มเติมที่ไหน,information,12
วิศวกรรมการจัดการอุตสาหกรรมเพื่อความยั่งยืน ตั้งอยู่ที่ไหน,information,15
ข้อมูลเพิ่มเติม,information,15
รายละเอียดเพิ่มเติม,information,15
หาข้อมูลได้ที่ไหน,information,15
ดูเพิ่มเติมที่ไหน,information,15
เว็บไซต์สาขา SIME คืออะไร,information,20
ข้อมูลเพิ่มเติม,information,20
รายละเอียดเพิ่มเติม,information,20
หาข้อมูลได้ที่ไหน,information,20
ดูเพิ่มเติมที่ไหน,information,20
SIME มีความร่วมมือกับหน่วยงานไหนบ้าง,information,50
ข้อมูลเพิ่มเติม,information,50
รายละเอียดเพิ่มเติม,information,50
หาข้อมูลได้ที่ไหน,information,50
ดูเพิ่มเติมที่ไหน,information,50
SIME ทำงานร่วมกับสภาอุตสาหกรรมอย่างไร,information,53
ข้อมูลเพิ่มเติม,information,53
รายละเอียดเพิ่มเติม,information,53
หาข้อมูลได้ที่ไหน,information,53
ดูเพิ่มเติมที่ไหน,information,53
ช่องทางติดตามข่าวสารทุนการศึกษา มทร.พระนคร มีอะไรบ้าง,information,630
ข้อมูลเพิ่มเติม,information,630
รายละเอียดเพิ่มเติม,information,630
หาข้อมูลได้ที่ไหน,information,630
ดูเพิ่มเติมที่ไหน,information,630
ห้องสมุด มทร.พระนคร เปิดให้บริการเวลาไหนบ้าง,library,634
ห้องสมุดศูนย์เทเวศร์ มทร.พระนคร อยู่ที่ไหน,library,635
ห้องสมุด มทร.พระนคร มีหนังสืออะไรบ้าง,library,636
ห้องสมุด มทร.พระนคร มีหนังสือภาษาไทยกี่เล่ม,library,637
ห้องสมุด มทร.พระนคร มีหนังสือภาษาอังกฤษกี่เล่ม,library,638
ห้องสมุด มทร.พระนคร มีงานวิจัยกี่เรื่อง,library,639
ห้องสมุด มทร.พระนคร มีหนังสือพิมพ์นิตยสารไหม,library,640
ห้องสมุด มทร.พระนคร เน้นหนังสือด้านไหน,library,641
ห้องสมุด มทร.พระนคร วันเสาร์เปิดไหม,library,642
ดาวน์โหลดแบบรายงานสถานภาพการศึกษา กยศ. (กยศ.204),loan,105
ดาวน์โหลดแบบฟอร์มกู้เกินหลักสูตร DSL กยศ.,loan,106
ดาวน์โหลดแบบฟอร์มบันทึกกิจกรรมจิตอาสา กยศ./กรอ.,loan,107
ดาวน์โหลดเอกสารประกอบการกู้ยืม กยศ. ภาคเรียนที่ 2,loan,108
ดาวน์โหลดแบบขอชำระเงินค่าลงทะเบียน กยศ. (ลักษณะที่ 1),loan,109
ดาวน์โหลดแบบขอชำระเงินค่าลงทะเบียน กรอ. (ลักษณะที่ 2),loan,110
ดาวน์โหลดหนังสือแสดงความคิดเห็นของอาจารย์ที่ปรึกษา กยศ.,loan,111
ดาวน์โหลดหนังสือรับรองรายได้ครอบครัว กยศ.102,loan,112
ดาวน์โหลดแบบขอรับการสัมภาษณ์ กยศ./กรอ.,loan,113
ดาวน์โหลดหนังสือให้ความยินยอมในการเปิดเผยข้อมูล กยศ.,loan,114
แบบฟอร์มกองทุนกู้ยืมเพื่อการศึกษา กยศ. มีอะไรบ้าง,loan,115
คู่มือการกู้ยืม กยศ. มีอะไรบ้าง,loan,116
คุณสมบัติการกู้ยืม กยศ. คืออะไร,loan,117
ระบบ DSL คืออะไร ใช้ทำอะไร,loan,118
กิจกรรมจิตอาสา กยศ. คืออะไร,loan,119
กยศ. กับ กรอ. ต่างกันอย่างไร,loan,120
ขั้นตอนการกู้ยืม กยศ. รายใหม่ เป็นอย่างไร,loan,121
ขั้นตอนการกู้ยืม กยศ. รายเก่า เป็นอย่างไร,loan,122
เอกสารประกอบการสัมภาษณ์กู้ยืม กยศ. มีอะไรบ้าง,loan,123
แบบรายงานสถานภาพการศึกษา กยศ. คืออะไร,loan,124
แบบฟอร์มกู้เกินหลักสูตรในระบบ DSL คืออะไร,loan,125
แบบฟอร์มบันทึกกิจกรรมจิตอาสา กยศ. ใช้ทำอะไร,loan,126
ใบ check list รายการเอกสารกู้ยืม กยศ. มีไว้ทำอะไร,loan,127
แบบขอชำระเงินค่าลงทะเบียน กยศ./กรอ. ต่างกันอย่างไร,loan,128
หนังสือแสดงความคิดเห็นของอาจารย์ที่ปรึกษา กยศ. คืออะไร,loan,129
หนังสือรับรองรายได้ครอบครัว กยศ.102 คืออะไร,loan,130
แบบขอรับการสัมภาษณ์ กยศ. ใช้ทำอะไร,loan,131
หนังสือให้ความยินยอมในการเปิดเผยข้อมูล กยศ. คืออะไร,loan,132
เอกสารผู้กู้รายเก่าเลื่อนชั้นปี ปวช. มีอะไรบ้าง,loan,133
เอกสารผู้กู้รายเก่าเลื่อนชั้นปี ปริญญาตรี มีอะไรบ้าง,loan,134
เอกสารผู้กู้รายใหม่ ปวช. มีอะไรบ้าง,loan,135
เอกสารผู้กู้รายใหม่ ปริญญาตรี มีอะไรบ้าง,loan,136
ดาวน์โหลดแบบฟอร์มกองทุนกู้ยืม กยศ./กรอ. ได้ที่ไหน,loan,137
เอกสารกู้ยืมรายเก่า ภาคเรียนที่ 1,loan,138
เอกสารกู้ยืมรายเก่า ภาคเรียนที่ 2,loan,139
คุณสมบัติผู้กู้ยืม กยศ กรอ รายเก่า,loan,140
กำหนดส่งเอกสารกู้ยืม ภาคเรียนที่ 1,loan,141
นักศึกษาผู้กู้ยืมรายเก่าเลื่อนชั้นปี ระดับปริญญาตรี,loan,142
นักศึกษาผู้กู้ยืมรายใหม่ รายเก่าย้ายสถานศึกษา ระดับปริญญาตรี,loan,143
สาขา SIME อยู่ที่ไหน,location,19
ไปสาขา SIME ยังไง,location,21
มทร.พระนคร มีศูนย์การเรียนกี่แห่ง อยู่ที่ไหนบ้าง,location,98
ศูนย์เทเวศร์ มทร.พระนคร มีคณะอะไรบ้าง,location,99
ศูนย์โชติเวช มทร.พระนคร มีคณะอะไรบ้าง,location,100
ศูนย์พณิชยการพระนคร มทร.พระนคร มีคณะอะไรบ้าง,location,101
ศูนย์พระนครเหนือ มทร.พระนคร มีคณะอะไรบ้าง,location,102
สาขาวิศวกรรมคอมพิวเตอร์ ตั้งอยู่ที่ไหน,location,144
ห้อง Lab วิศวะคอม อยู่ชั้นไหนบ้าง,location,175
วิศวกรรมอุตสาหการ อยู่ที่ไหน,location,196
หลักสูตรนี้สังกัดคณะและศูนย์ไหน,location,226
วิศวกรรมการผลิตเครื่องประดับ อยู่ที่ไหน,location,257
สังกัดคณะและศูนย์ไหน,location,276
หลักสูตรมีความร่วมมือกับหน่วยงานภายนอกหรือไม่?,partnership,522
หลักสูตร อส.บ. วิศวกรรมเทคโนโลยีนวัตกรรมเพื่อความยั่งยืน เป็นหลักสูตรแบบไหน,program,1
หลักสูตรนี้เป็นยังไง,program,1
เรียนหลักสูตรนี้,program,1
หลักสูตร อส.บ. ยั่งยืน,program,1
บอกเกี่ยวกับหลักสูตร,program,1
หลักสูตร อส.บ. วิศวกรรมเทคโนโลยีนวัตกรรมเพื่อความยั่งยืน เรียนกี่ปี,program,4
หลักสูตรนี้เป็นยังไง,program,4
เรียนหลักสูตรนี้,program,4
หลักสูตร อส.บ. ยั่งยืน,program,4
บอกเกี่ยวกับหลักสูตร,program,4
เรียนนานแค่ไหน,program,4
ใช้เวลากี่ปี,program,4
เรียนกี่ปีจบ,program,4
ระยะเวลาเรียน,program,4
หลักสูตร อส.บ. วิศวกรรมเทคโนโลยีนวัตกรรมเพื่อความยั่งยืน เรียนเกี่ยวกับอะไร,program,5
หลักสูตรนี้เป็นยังไง,program,5
เรียนหลักสูตรนี้,program,5
หลักสูตร อส.บ. ยั่งยืน,program,5
บอกเกี่ยวกับหลักสูตร,program,5
เรียนอะไร,program,5
เรียนวิชาอะไรบ้าง,program,5
มีวิชาอะไร,program,5
เนื้อหาการเรียน,program,5
อส.บ. ต่างจาก วศ.บ. (วิศวกรรมศาสตรบัณฑิต) อย่างไร,program,6
หลักสูตรนี้เป็นยังไง,program,6
เรียนหลักสูตรนี้,program,6
หลักสูตร อส.บ. ยั่งยืน,program,6
บอกเกี่ยวกับหลักสูตร,program,6
หลักสูตร อส.บ. ยั่งยืน มีภาคสมทบไหม,program,9
หลักสูตรนี้เป็นยังไง,program,9
เรียนหลักสูตรนี้,program,9
หลักสูตร อส.บ. ยั่งยืน,program,9
บอกเกี่ยวกับหลักสูตร,program,9
มีเรียนภาคสมทบไหม,program,9
เรียนภาคสมทบได้ไหม,program,9
ภาคสมทบ,program,9
SIME เน้นการเรียนการสอนเรื่องอะไรบ้าง,program,13
SIME มีหลักสูตรปริญญาโทด้วยไหม,program,14
หลักสูตรนี้เป็นยังไง,program,14
เรียนหลักสูตรนี้,program,14
หลักสูตร อส.บ. ยั่งยืน,program,14
บอกเกี่ยวกับหลักสูตร,program,14
ปรัชญาของหลักสูตร SIME คืออะไร,program,24
หลักสูตรนี้เป็นยังไง,program,24
เรียนหลักสูตรนี้,program,24
หลักสูตร อส.บ. ยั่งยืน,program,24
บอกเกี่ยวกับหลักสูตร,program,24
วัตถุประสงค์ของหลักสูตร SIME มีอะไรบ้าง,program,25
หลักสูตรนี้เป็นยังไง,program,25
เรียนหลักสูตรนี้,program,25
หลักสูตร อส.บ. ยั่งยืน,program,25
บอกเกี่ยวกับหลักสูตร,program,25
หลักสูตร SIME ผลิตบัณฑิตให้มีทักษะอะไรบ้าง,program,26
หลักสูตรนี้เป็นยังไง,program,26
เรียนหลักสูตรนี้,program,26
หลักสูตร อส.บ. ยั่งยืน,program,26
บอกเกี่ยวกับหลักสูตร,program,26
SIME เน้นผลิตบุคลากรแบบไหน,program,27
หลักสูตร SIME มุ่งเน้นความยั่งยืนอย่างไร,program,28
หลักสูตรนี้เป็นยังไง,program,28
เรียนหลักสูตรนี้,program,28
หลักสูตร อส.บ. ยั่งยืน,program,28
บอกเกี่ยวกับหลักสูตร,program,28
SIME สอนเรื่องการจัดการอุตสาหกรรมอะไรบ้าง,program,30
ชื่อเต็มของหลักสูตร SIME คือ,program,32
หลักสูตรนี้เป็นยังไง,program,32
เรียนหลักสูตรนี้,program,32
หลักสูตร อส.บ. ยั่งยืน,program,32
บอกเกี่ยวกับหลักสูตร,program,32
ปริญญาที่ได้จาก SIME คืออะไร,program,33
วศ.ม. ย่อมาจากอะไร,program,34
M.Eng. คืออะไร,program,35
SIME ออกชื่อภาษาอังกฤษว่าอะไร,program,36
หลักสูตร SIME มีกี่แผนการศึกษา,program,37
หลักสูตรนี้เป็นยังไง,program,37
เรียนหลักสูตรนี้,program,37
หลักสูตร อส.บ. ยั่งยืน,program,37
บอกเกี่ยวกับหลักสูตร,program,37
แผน ก1 ของ SIME เป็นอย่างไร,program,38
แผน ก2 ของ SIME เป็นอย่างไร,program,39
แผน ข ของ SIME เป็นอย่างไร,program,40
หลักสูตร SIME มีทั้งหมดกี่หน่วยกิต,program,41
หลักสูตรนี้เป็นยังไง,program,41
เรียนหลักสูตรนี้,program,41
หลักสูตร อส.บ. ยั่งยืน,program,41
บอกเกี่ยวกับหลักสูตร,program,41
แผน ก กับ แผน ข ของ SIME ต่างกันอย่างไร,program,42
ควรเลือกแผนไหนใน SIME,program,43
วิทยานิพนธ์กับการค้นคว้าอิสระ ต่างกันอย่างไร,program,44
SIME มีวิชาบังคับกี่หน่วยกิต,program,45
เรียนอะไร,program,45
เรียนวิชาอะไรบ้าง,program,45
มีวิชาอะไร,program,45
เนื้อหาการเรียน,program,45
SIME มีวิชาเลือกกี่หน่วยกิต,program,46
เรียนอะไร,program,46
เรียนวิชาอะไรบ้าง,program,46
มีวิชาอะไร,program,46
เนื้อหาการเรียน,program,46
หลักสูตร SIME เรียนกี่ปี,program,47
หลักสูตรนี้เป็นยังไง,program,47
เรียนหลักสูตรนี้,program,47
หลักสูตร อส.บ. ยั่งยืน,program,47
บอกเกี่ยวกับหลักสูตร,program,47
เรียนนานแค่ไหน,program,47
ใช้เวลากี่ปี,program,47
เรียนกี่ปีจบ,program,47
ระยะเวลาเรียน,program,47
SIME ใช้ภาษาอะไรในการเรียนการสอน,program,48
จบ SIME ได้ปริญญาอะไร,program,51
SIME เป็นหลักสูตรภาษาอังกฤษไหม,program,52
หลักสูตรนี้เป็นยังไง,program,52
เรียนหลักสูตรนี้,program,52
หลักสูตร อส.บ. ยั่งยืน,program,52
บอกเกี่ยวกับหลักสูตร,program,52
SIME เน้นเรียนภาคทฤษฎีหรือภาคปฏิบัติ,program,54
ระยะเวลาการศึกษา SIME ขั้นต่ำและสูงสุดเท่าไหร่,program,55
เรียนนานแค่ไหน,program,55
ใช้เวลากี่ปี,program,55
เรียนกี่ปีจบ,program,55
ระยะเวลาเรียน,program,55
SIME มีหลักสูตรภาคพิเศษไหม,program,56
หลักสูตรนี้เป็นยังไง,program,56
เรียนหลักสูตรนี้,program,56
หลักสูตร อส.บ. ยั่งยืน,program,56
บอกเกี่ยวกับหลักสูตร,program,56
ปรัชญาของหลักสูตร อส.บ. ยั่งยืน สาขาวิศวกรรมสื่อสารและระบบอัจฉริยะ คืออะไร,program,67
หลักสูตรนี้เป็นยังไง,program,67
เรียนหลักสูตรนี้,program,67
หลักสูตร อส.บ. ยั่งยืน,program,67
บอกเกี่ยวกับหลักสูตร,program,67
วัตถุประสงค์ของหลักสูตร อส.บ. ยั่งยืน สาขาวิศวกรรมสื่อสารและระบบอัจฉริยะ มีอะไรบ้าง,program,68
หลักสูตรนี้เป็นยังไง,program,68
เรียนหลักสูตรนี้,program,68
หลักสูตร อส.บ. ยั่งยืน,program,68
บอกเกี่ยวกับหลักสูตร,program,68
หลักสูตร อส.บ. ยั่งยืน สอนให้มีคุณธรรมอย่างไร,program,69
หลักสูตรนี้เป็นยังไง,program,69
เรียนหลักสูตรนี้,program,69
หลักสูตร อส.บ. ยั่งยืน,program,69
บอกเกี่ยวกับหลักสูตร,program,69
หลักสูตร อส.บ. ยั่งยืน เน้นพัฒนาทักษะอะไร,program,70
หลักสูตรนี้เป็นยังไง,program,70
เรียนหลักสูตรนี้,program,70
หลักสูตร อส.บ. ยั่งยืน,program,70
บอกเกี่ยวกับหลักสูตร,program,70
หลักสูตร อส.บ. ยั่งยืน เรียนเกี่ยวกับความยั่งยืนอย่างไร,program,71
หลักสูตรนี้เป็นยังไง,program,71
เรียนหลักสูตรนี้,program,71
หลักสูตร อส.บ. ยั่งยืน,program,71
บอกเกี่ยวกับหลักสูตร,program,71
เรียนอะไร,program,71
เรียนวิชาอะไรบ้าง,program,71
มีวิชาอะไร,program,71
เนื้อหาการเรียน,program,71
หลักสูตร อส.บ. ยั่งยืน เป็นหลักสูตรแบบไหน,program,73
หลักสูตรนี้เป็นยังไง,program,73
เรียนหลักสูตรนี้,program,73
หลักสูตร อส.บ. ยั่งยืน,program,73
บอกเกี่ยวกับหลักสูตร,program,73
หลักสูตร อส.บ. ยั่งยืน ใช้ภาษาอะไรในการเรียนการสอน,program,74
หลักสูตรนี้เป็นยังไง,program,74
เรียนหลักสูตรนี้,program,74
หลักสูตร อส.บ. ยั่งยืน,program,74
บอกเกี่ยวกับหลักสูตร,program,74
หลักสูตร อส.บ. ยั่งยืน มีความร่วมมือกับหน่วยงานไหนบ้าง,program,76
หลักสูตรนี้เป็นยังไง,program,76
เรียนหลักสูตรนี้,program,76
หลักสูตร อส.บ. ยั่งยืน,program,76
บอกเกี่ยวกับหลักสูตร,program,76
จบหลักสูตร อส.บ. ยั่งยืน ได้ปริญญากี่สาขา,program,77
หลักสูตรนี้เป็นยังไง,program,77
เรียนหลักสูตรนี้,program,77
หลักสูตร อส.บ. ยั่งยืน,program,77
บอกเกี่ยวกับหลักสูตร,program,77
เรียน ปวช. ช่างเทคนิคคอมพิวเตอร์ ที่สาขาวิศวกรรมคอมพิวเตอร์ ได้อะไร,program,146
วิศวกรรมคอมพิวเตอร์ เรียนภาษาโปรแกรมอะไรบ้าง,program,149
วิศวกรรมคอมพิวเตอร์ มีสอน AI/Machine Learning ไหม,program,150
วิศวกรรมคอมพิวเตอร์ ระยะเวลาเรียนและหน่วยกิต,program,151
เรียนนานแค่ไหน,program,151
ใช้เวลากี่ปี,program,151
เรียนกี่ปีจบ,program,151
ระยะเวลาเรียน,program,151
วิศวกรรมคอมพิวเตอร์ เรียนเกี่ยวกับอะไรบ้าง (ภาพรวม),program,152
เรียนอะไร,program,152
เรียนวิชาอะไรบ้าง,program,152
มีวิชาอะไร,program,152
เนื้อหาการเรียน,program,152
วิศวกรรมคอมพิวเตอร์ มีสอนระดับ ปวช. ไหม,program,161
วิศวกรรมคอมพิวเตอร์ (ต่อเนื่อง) เรียนเวลาไหน,program,163
จบ ปวส. เรียนต่อวิศวะคอมฯ (ต่อเนื่อง) กี่ปีจบ,program,164
หลักสูตร ปวช. ช่างเทคนิคคอมพิวเตอร์ เรียนเกี่ยวกับอะไร,program,165
หลักสูตรนี้เป็นยังไง,program,165
เรียนหลักสูตรนี้,program,165
หลักสูตร อส.บ. ยั่งยืน,program,165
บอกเกี่ยวกับหลักสูตร,program,165
เรียนอะไร,program,165
เรียนวิชาอะไรบ้าง,program,165
มีวิชาอะไร,program,165
เนื้อหาการเรียน,program,165
หมวดวิชาศึกษาทั่วไป ต้องเรียนกี่หน่วยกิต,program,176
เรียนอะไร,program,176
เรียนวิชาอะไรบ้าง,program,176
มีวิชาอะไร,program,176
เนื้อหาการเรียน,program,176
หมวดวิชาเฉพาะ ต้องเรียนกี่หน่วยกิต,program,177
เรียนอะไร,program,177
เรียนวิชาอะไรบ้าง,program,177
มีวิชาอะไร,program,177
เนื้อหาการเรียน,program,177
วิชาพื้นฐานทางวิทยาศาสตร์และคณิตศาสตร์ มีอะไรบ้าง,program,178
เรียนอะไร,program,178
เรียนวิชาอะไรบ้าง,program,178
มีวิชาอะไร,program,178
เนื้อหาการเรียน,program,178
"วิชา ""โครงสร้างข้อมูลและอัลกอริทึม"" (Data Structures) เรียนอะไร",program,179
เรียนอะไร,program,179
เรียนวิชาอะไรบ้าง,program,179
มีวิชาอะไร,program,179
เนื้อหาการเรียน,program,179
"วิชา ""ฐานข้อมูล"" (Database) เรียนเกี่ยวกับอะไร",program,180
เรียนอะไร,program,180
เรียนวิชาอะไรบ้าง,program,180
มีวิชาอะไร,program,180
เนื้อหาการเรียน,program,180
"วิชา ""ระบบปฏิบัติการ"" (Operating Systems) เรียนอะไร",program,181
เรียนอะไร,program,181
เรียนวิชาอะไรบ้าง,program,181
มีวิชาอะไร,program,181
เนื้อหาการเรียน,program,181
"วิชา ""วิศวกรรมซอฟต์แวร์"" (Software Engineering) เรียนเกี่ยวกับอะไร",program,182
เรียนอะไร,program,182
เรียนวิชาอะไรบ้าง,program,182
มีวิชาอะไร,program,182
เนื้อหาการเรียน,program,182
สัญลักษณ์ A มีค่าระดับคะแนนเท่าไหร่,program,183
ถ้าได้เกรด F ต้องทำอย่างไร,program,184
สัญลักษณ์ I (Incomplete) หมายถึงอะไร,program,185
การพ้นสภาพนักศึกษา (รีไทร์) คือเมื่อไหร่,program,186
ถ้าป่วยช่วงสอบต้องทำอย่างไร,program,191
วิชาเลือกเสรี เรียนวิชาของคณะอื่นได้ไหม,program,192
เรียนอะไร,program,192
เรียนวิชาอะไรบ้าง,program,192
มีวิชาอะไร,program,192
เนื้อหาการเรียน,program,192
มีรายวิชาสอนการทำ Mobile App ไหม,program,194
เรียนอะไร,program,194
เรียนวิชาอะไรบ้าง,program,194
มีวิชาอะไร,program,194
เนื้อหาการเรียน,program,194
มีสอนเรื่อง Cybersecurity หรือความมั่นคงปลอดภัยไหม,program,195
วิศวกรรมอุตสาหการ เรียนเกี่ยวกับอะไร,program,197
เรียนอะไร,program,197
เรียนวิชาอะไรบ้าง,program,197
มีวิชาอะไร,program,197
เนื้อหาการเรียน,program,197
วิศวกรรมอุตสาหการ ระยะเวลาเรียนและหน่วยกิต,program,198
เรียนนานแค่ไหน,program,198
ใช้เวลากี่ปี,program,198
เรียนกี่ปีจบ,program,198
ระยะเวลาเรียน,program,198
วิศวกรรมอุตสาหการ เรียนวิชาอะไรบ้าง,program,199
เรียนอะไร,program,199
เรียนวิชาอะไรบ้าง,program,199
มีวิชาอะไร,program,199
เนื้อหาการเรียน,program,199
วิศวกรรมอุตสาหการ เรียนกฎหมายอะไรบ้าง,program,211
วิชาเทคนิคการเพิ่มผลผลิต เรียนเกี่ยวกับระบบอะไรบ้าง,program,212
เรียนอะไร,program,212
เรียนวิชาอะไรบ้าง,program,212
มีวิชาอะไร,program,212
เนื้อหาการเรียน,program,212
วิชาหัวข้อพิเศษ (Special Topics) ของ IE คืออะไร,program,213
เรียนอะไร,program,213
เรียนวิชาอะไรบ้าง,program,213
มีวิชาอะไร,program,213
เนื้อหาการเรียน,program,213
หลักสูตรปรับปรุง พ.ศ. 2565 ใช้เรียนกี่หน่วยกิต,program,223
หลักสูตรนี้เป็นยังไง,program,223
เรียนหลักสูตรนี้,program,223
หลักสูตร อส.บ. ยั่งยืน,program,223
บอกเกี่ยวกับหลักสูตร,program,223
หลักสูตรนี้เป็นหลักสูตรกี่ปี,program,224
หลักสูตรนี้เป็นยังไง,program,224
เรียนหลักสูตรนี้,program,224
หลักสูตร อส.บ. ยั่งยืน,program,224
บอกเกี่ยวกับหลักสูตร,program,224
หลักสูตรเทียบโอน มีการเรียนการสอนแบบใดบ้าง,program,231
หลักสูตรนี้เป็นยังไง,program,231
เรียนหลักสูตรนี้,program,231
หลักสูตร อส.บ. ยั่งยืน,program,231
บอกเกี่ยวกับหลักสูตร,program,231
ภาคสมทบ (เทียบโอน) เรียนเวลาไหน,program,232
มีเรียนภาคสมทบไหม,program,232
เรียนภาคสมทบได้ไหม,program,232
ภาคสมทบ,program,232
วิชาสหกิจศึกษาทางวิศวกรรมอุตสาหการ มีค่ากี่หน่วยกิต,program,235
เรียนอะไร,program,235
เรียนวิชาอะไรบ้าง,program,235
มีวิชาอะไร,program,235
เนื้อหาการเรียน,program,235
นักศึกษาต้องไปสหกิจศึกษาในชั้นปีไหน,program,236
หากไม่ไปสหกิจศึกษา ต้องเรียนวิชาอะไรแทน,program,237
เรียนอะไร,program,237
เรียนวิชาอะไรบ้าง,program,237
มีวิชาอะไร,program,237
เนื้อหาการเรียน,program,237
วิชาโครงงานวิศวกรรมอุตสาหการ (Project) มีค่ากี่หน่วยกิต,program,238
เรียนอะไร,program,238
เรียนวิชาอะไรบ้าง,program,238
มีวิชาอะไร,program,238
เนื้อหาการเรียน,program,238
วิชาเตรียมโครงงาน (Pre-Project) เรียนปีไหน,program,239
เรียนอะไร,program,239
เรียนวิชาอะไรบ้าง,program,239
มีวิชาอะไร,program,239
เนื้อหาการเรียน,program,239
หมวดวิชาเลือกเสรี ต้องเรียนกี่หน่วยกิต,program,240
เรียนอะไร,program,240
เรียนวิชาอะไรบ้าง,program,240
มีวิชาอะไร,program,240
เนื้อหาการเรียน,program,240
มีวิชาที่เกี่ยวกับ AI ในหลักสูตรนี้ไหม,program,241
หลักสูตรนี้เป็นยังไง,program,241
เรียนหลักสูตรนี้,program,241
หลักสูตร อส.บ. ยั่งยืน,program,241
บอกเกี่ยวกับหลักสูตร,program,241
เรียนอะไร,program,241
เรียนวิชาอะไรบ้าง,program,241
มีวิชาอะไร,program,241
เนื้อหาการเรียน,program,241
มีวิชาที่เกี่ยวกับ Automation หรือหุ่นยนต์ไหม,program,242
เรียนอะไร,program,242
เรียนวิชาอะไรบ้าง,program,242
มีวิชาอะไร,program,242
เนื้อหาการเรียน,program,242
"วิชา ""เทคนิคการเพิ่มผลผลิต"" เรียนเกี่ยวกับอะไร",program,243
เรียนอะไร,program,243
เรียนวิชาอะไรบ้าง,program,243
มีวิชาอะไร,program,243
เนื้อหาการเรียน,program,243
"วิชา ""กฎหมายและพระราชบัญญัติอุตสาหกรรม"" ครอบคลุมอะไรบ้าง",program,244
เรียนอะไร,program,244
เรียนวิชาอะไรบ้าง,program,244
มีวิชาอะไร,program,244
เนื้อหาการเรียน,program,244
วิชาความเป็นผู้ประกอบการ มีสอนในหลักสูตรไหม,program,245
หลักสูตรนี้เป็นยังไง,program,245
เรียนหลักสูตรนี้,program,245
หลักสูตร อส.บ. ยั่งยืน,program,245
บอกเกี่ยวกับหลักสูตร,program,245
เรียนอะไร,program,245
เรียนวิชาอะไรบ้าง,program,245
มีวิชาอะไร,program,245
เนื้อหาการเรียน,program,245
วิชาพื้นฐานทางวิศวกรรม มีวิชาอะไรบ้าง (ตัวอย่าง),program,246
เรียนอะไร,program,246
เรียนวิชาอะไรบ้าง,program,246
มีวิชาอะไร,program,246
เนื้อหาการเรียน,program,246
เกณฑ์การสำเร็จการศึกษา ต้องได้เกรดเฉลี่ยสะสมเท่าไหร่,program,247
"วิชา ""การจำลองสถานการณ์"" (Simulation) เรียนเกี่ยวกับอะไร",program,255
เรียนอะไร,program,255
เรียนวิชาอะไรบ้าง,program,255
มีวิชาอะไร,program,255
เนื้อหาการเรียน,program,255
วิศวกรรมการผลิตเครื่องประดับ เรียนอะไรบ้าง,program,258
วิศวกรรมการผลิตเครื่องประดับ ระยะเวลาเรียนและหน่วยกิต,program,265
เรียนนานแค่ไหน,program,265
ใช้เวลากี่ปี,program,265
เรียนกี่ปีจบ,program,265
ระยะเวลาเรียน,program,265
หลักสูตรนี้เรียนกี่ปี,program,274
หลักสูตรนี้เป็นยังไง,program,274
เรียนหลักสูตรนี้,program,274
หลักสูตร อส.บ. ยั่งยืน,program,274
บอกเกี่ยวกับหลักสูตร,program,274
เรียนนานแค่ไหน,program,274
ใช้เวลากี่ปี,program,274
เรียนกี่ปีจบ,program,274
ระยะเวลาเรียน,program,274
เรียนทั้งหมดกี่หน่วยกิต,program,275
ปี 1 เรียนวิชาอะไรบ้าง,program,280
เรียนอะไร,program,280
เรียนวิชาอะไรบ้าง,program,280
มีวิชาอะไร,program,280
เนื้อหาการเรียน,program,280
มีเรียนวิชาดูพลอย (Gemology) ไหม,program,289
เรียนอะไร,program,289
เรียนวิชาอะไรบ้าง,program,289
มีวิชาอะไร,program,289
เนื้อหาการเรียน,program,289
มีเรียนหล่อโลหะ (Casting) ไหม,program,290
ใช้โปรแกรมอะไรในการออกแบบจิวเวลรี่,program,291
เรียนทำแม่พิมพ์ (Mold) ด้วยไหม,program,292
มีวิชาเกี่ยวกับการจัดการโรงงานไหม,program,293
เรียนอะไร,program,293
เรียนวิชาอะไรบ้าง,program,293
มีวิชาอะไร,program,293
เนื้อหาการเรียน,program,293
มีสอนเรื่องการสร้างแบรนด์ไหม,program,294
ต้องเรียนวิชาคำนวณเยอะไหม,program,295
เรียนอะไร,program,295
เรียนวิชาอะไรบ้าง,program,295
มีวิชาอะไร,program,295
เนื้อหาการเรียน,program,295
ปี 4 ต้องทำโปรเจกต์จบไหม,program,296
"วิชา ""โลหะวิทยาสำหรับเครื่องประดับ"" เรียนอะไร",program,297
เรียนอะไร,program,297
เรียนวิชาอะไรบ้าง,program,297
มีวิชาอะไร,program,297
เนื้อหาการเรียน,program,297
สาขาวิศวกรรมเครื่องกล มทร.พระนคร เปิดสอนหลักสูตรอะไรบ้าง,program,482
หลักสูตรนี้เป็นยังไง,program,482
เรียนหลักสูตรนี้,program,482
หลักสูตร อส.บ. ยั่งยืน,program,482
บอกเกี่ยวกับหลักสูตร,program,482
หลักสูตรวิศวกรรมเครื่องกล ปี 2565-2569 ได้รับการรับรองหรือยัง,program,483
หลักสูตรนี้เป็นยังไง,program,483
เรียนหลักสูตรนี้,program,483
หลักสูตร อส.บ. ยั่งยืน,program,483
บอกเกี่ยวกับหลักสูตร,program,483
หลักสูตรวิศวกรรมเครื่องกล ปี 2560-2564 ยังใช้อยู่ไหม,program,484
หลักสูตรนี้เป็นยังไง,program,484
เรียนหลักสูตรนี้,program,484
หลักสูตร อส.บ. ยั่งยืน,program,484
บอกเกี่ยวกับหลักสูตร,program,484
นักศึกษาวิศวกรรมเครื่องกล ลงทะเบียนได้กี่หน่วยกิตต่อเทอม,program,485
แผนการเรียนวิศวกรรมเครื่องกล มีแบบไหนบ้าง,program,486
ควรวางแผนการเรียนวิศวกรรมเครื่องกลอย่างไร,program,487
เล่มหลักสูตรวิศวกรรมเครื่องกล ดาวน์โหลดได้จากไหน,program,488
หลักสูตรนี้เป็นยังไง,program,488
เรียนหลักสูตรนี้,program,488
หลักสูตร อส.บ. ยั่งยืน,program,488
บอกเกี่ยวกับหลักสูตร,program,488
โครงสร้างหลักสูตรแบ่งเป็นหมวดอะไรบ้าง?,program,516
หลักสูตรนี้เป็นยังไง,program,516
เรียนหลักสูตรนี้,program,516
หลักสูตร อส.บ. ยั่งยืน,program,516
บอกเกี่ยวกับหลักสูตร,program,516
มีการจัดการเรียนการสอนภาคฤดูร้อน (Summer) หรือไม่?,program,517
เกณฑ์การสำเร็จการศึกษา (เกรดเฉลี่ย) คือเท่าไหร่?,program,518
การเทียบโอนหน่วยกิตมีหลักเกณฑ์อย่างไร?,program,519
สาขาวิศวกรรมเครื่องมือและแม่พิมพ์ เปิดสอนหลักสูตรอะไรบ้าง,program,590
หลักสูตรนี้เป็นยังไง,program,590
เรียนหลักสูตรนี้,program,590
หลักสูตร อส.บ. ยั่งยืน,program,590
บอกเกี่ยวกับหลักสูตร,program,590
สาขาวิศวกรรมเครื่องมือและแม่พิมพ์ เปิดสอน CNC เมื่อไหร่,program,593
สาขาวิศวกรรมเครื่องมือและแม่พิมพ์ เปิดสอนงานซ่อมบำรุงเครื่องจักรไหม,program,594
วิศวกรรมเครื่องมือและแม่พิมพ์ เรียนเกี่ยวกับอะไร,program,600
เรียนอะไร,program,600
เรียนวิชาอะไรบ้าง,program,600
มีวิชาอะไร,program,600
เนื้อหาการเรียน,program,600
สาขาวิศวกรรมเครื่องมือและแม่พิมพ์ สอนใช้ซอฟต์แวร์อะไรบ้าง,program,606
การเรียนในห้อง Lab ของสาขาแม่พิมพ์ เน้นอะไร,program,609
ปรัชญาของหลักสูตร อส.บ. ยั่งยืน คืออะไร,program,623
หลักสูตรนี้เป็นยังไง,program,623
เรียนหลักสูตรนี้,program,623
หลักสูตร อส.บ. ยั่งยืน,program,623
บอกเกี่ยวกับหลักสูตร,program,623
วัตถุประสงค์ของหลักสูตร อส.บ. ยั่งยืน มีอะไรบ้าง,program,624
หลักสูตรนี้เป็นยังไง,program,624
เรียนหลักสูตรนี้,program,624
หลักสูตร อส.บ. ยั่งยืน,program,624
บอกเกี่ยวกับหลักสูตร,program,624
เกณฑ์การวัดผลและการสำเร็จการศึกษาเป็นอย่างไร?,Regulations,547
วิศวกรรมคอมพิวเตอร์ มีตัวอย่างโครงงาน,research,155
วิศวกรรมอุตสาหการ มีตัวอย่างโครงงาน,research,208
หลักสูตรเน้นงานวิจัยด้านใดบ้าง?,Research,572
มีทุนการศึกษาสำหรับนักศึกษา ป.โท หรือไม่?,Scholarship,571
มหาวิทยาลัยมีทุนการศึกษาให้นักศึกษาหรือไม่,scholarship,625
ทุนการศึกษาบุคคลที่มีความสามารถทางศิลปะการแสดงหรือดนตรีเด่นคืออะไร,scholarship,626
ทุนการศึกษาบุคคลที่มีความสามารถทางกีฬาดีเด่นคืออะไร,scholarship,627
ทุนการศึกษาภายนอกจากบริษัท มูลนิธิ หน่วยงานอื่นๆ มีหรือไม่,scholarship,628
ต้องเตรียมตัวอย่างไรถ้าจะสมัครทุนการศึกษา,scholarship,631
ถ้าได้รับทุนการศึกษาแล้วมีเงื่อนไขอะไรบ้าง,scholarship,632
ทุนการศึกษา มทร.พระนคร ต่างจาก กยศ./กรอ. อย่างไร,scholarship,633
มหาวิทยาลัยมีห้องออกกำลังกายหรือไม่,sports,644
ห้องออกกำลังกายมทร.พระนครอยู่ที่ไหน,sports,645
ห้องออกกำลังกายเปิดทำการวันไหน เวลาเท่าไหร่,sports,646
ใช้บริการห้องออกกำลังกายต้องเสียค่าใช้จ่ายหรือไม่,sports,647
ห้องออกกำลังกายมีอุปกรณ์อะไรบ้าง,sports,648
ใครบ้างที่สามารถใช้ห้องออกกำลังกายได้,sports,649
จะลงทะเบียนใช้ห้องออกกำลังกายอย่างไร,sports,650
ห้องออกกำลังกายมีลู่วิ่งไฟฟ้าหรือไม่,sports,651
ห้องออกกำลังกายมีอุปกรณ์ยกน้ำหนักหรือไม่,sports,652
วิศวกรรมคอมพิวเตอร์ มีอาจารย์ประจำสาขา / หัวหน้าสาขา,staff,154
วิศวกรรมอุตสาหการ มีอาจารย์ประจำสาขา / หัวหน้าสาขา,staff,202
ใครเป็นประธานอาจารย์ผู้รับผิดชอบหลักสูตร (2565),staff,251
มีอาจารย์ระดับปริญญาเอกรับผิดชอบหลักสูตรกี่ท่าน,staff,252
วิศวกรรมการผลิตเครื่องประดับ มีหัวหน้าสาขาชื่ออะไร,staff,262
อาจารย์ผู้สอนมีความเชี่ยวชาญด้านไหน,staff,315
ใครคือประธานหลักสูตรและอาจารย์ผู้รับผิดชอบ?,staff,523
มีระบบอาจารย์ที่ปรึกษาช่วยดูแลนักศึกษาอย่างไร?,Student Support,545
ค่าเทอม อส.บ. วิศวกรรมเทคโนโลยีนวัตกรรมเพื่อความยั่งยืน สาขาวิศวกรรมสื่อสารและระบบอัจฉริยะ เท่าไหร่,tuition,3
ค่าเทอม,tuition,3
ค่าเทอมเท่าไหร่,tuition,3
ค่าใช้จ่าย,tuition,3
เสียเงินเท่าไหร่,tuition,3
เทอมละเท่าไหร่,tuition,3
ค่าเทอม อส.บ. วิศวกรรมเทคโนโลยีนวัตกรรมเพื่อความยั่งยืน เท่าไหร่,tuition,622
ค่าเทอม,tuition,622
ค่าเทอมเท่าไหร่,tuition,622
ค่าใช้จ่าย,tuition,622
เสียเงินเท่าไหร่,tuition,622
เทอมละเท่าไหร่,tuition,622
คุณสมบัติของผู้มีสิทธิ์สมัครเข้าศึกษาสาขาวิศวกรรมไฟฟ้าคืออะไร?,การรับสมัคร,328
สาขาวิศวกรรมไฟฟ้ามีทุนการศึกษาหรือไม่?,การรับสมัคร,382
แผนการรับนักศึกษาภาคปกติ สาขาวิศวกรรมไฟฟ้า ปีละกี่คน?,การรับสมัคร,391
หลักสูตรวิศวกรรมไฟฟ้า รับนักศึกษาต่างชาติหรือไม่?,การรับสมัคร,401
มีทุนการศึกษาสำหรับสาขาวิศวกรรมไฟฟ้าสื่อสารหรือไม่?,การรับสมัคร,445
สาขาสื่อสารและระบบอัจฉริยะ รับนักศึกษาคุณสมบัติแบบไหน?,การรับสมัคร,446
คุณสมบัติของผู้สมัครเรียนสาขาวิศวกรรมเมคคาทรอนิกส์มีอะไรบ้าง?,การรับสมัครและคุณสมบัติ,468
สาขาวิศวกรรมเมคคาทรอนิกส์มีเป้าหมายการรับนักศึกษาอย่างไร?,การรับสมัครและคุณสมบัติ,469
ช่องทางการติดต่อเพื่อสอบถามเรื่องการรับสมัครสาขาวิศวกรรมเมคคาทรอนิกส์?,การรับสมัครและคุณสมบัติ,470
เกณฑ์การสำเร็จการศึกษาของสาขาวิศวกรรมไฟฟ้า ต้องได้เกรดเท่าไหร่?,การวัดผลและจบการศึกษา,349
การประเมินผลการเรียนรู้ด้านคุณธรรม จริยธรรม สาขาวิศวกรรมไฟฟ้า ทำอย่างไร?,การวัดผลและจบการศึกษา,368
การพ้นสภาพนักศึกษา (Retire) สาขาวิศวกรรมไฟฟ้า เกิดขึ้นเมื่อใด?,การวัดผลและจบการศึกษา,371
การวัดผลการเรียนของสาขาวิศวกรรมไฟฟ้า ใช้ระบบใด?,การวัดผลและจบการศึกษา,383
ถ้าสอบตกวิชาบังคับในสาขาวิศวกรรมไฟฟ้า ต้องทำอย่างไร?,การวัดผลและจบการศึกษา,399
เกณฑ์การสำเร็จการศึกษา สาขาสื่อสารและระบบอัจฉริยะ ต้องได้เกรดเท่าไหร่?,การวัดผลและจบการศึกษา,441
หลักสูตรวิศวกรรมไฟฟ้ามีชื่อเต็มและชื่อย่อวุฒิการศึกษาว่าอย่างไร?,ข้อมูลทั่วไป,322
ปรัชญาของหลักสูตรวิศวกรรมไฟฟ้าคืออะไร?,ข้อมูลทั่วไป,324
วัตถุประสงค์ของหลักสูตร (Program Objectives) สาขาวิศวกรรมไฟฟ้ามีอะไรบ้าง?,ข้อมูลทั่วไป,325
สาขาวิศวกรรมไฟฟ้าจัดการเรียนการสอนอยู่ที่ไหน?,ข้อมูลทั่วไป,327
อาจารย์ประจำหลักสูตรวิศวกรรมไฟฟ้ามีใครบ้าง?,ข้อมูลทั่วไป,360
ระยะเวลาการศึกษาสาขาวิศวกรรมไฟฟ้า ตามแผนปกติกี่ปี?,ข้อมูลทั่วไป,369
ระบบการศึกษาสาขาวิศวกรรมไฟฟ้า เป็นแบบใด?,ข้อมูลทั่วไป,370
หลักสูตรวิศวกรรมไฟฟ้านี้ได้รับการรับรองมาตรฐานหรือไม่?,ข้อมูลทั่วไป,381
รหัสวิชาของหลักสูตรวิศวกรรมไฟฟ้า ประกอบด้วยกี่หลักและมีความหมายอย่างไร?,ข้อมูลทั่วไป,390
งบประมาณค่าใช้จ่ายเฉลี่ยต่อหัวนักศึกษา สาขาวิศวกรรมไฟฟ้า อยู่ที่เท่าไหร่?,ข้อมูลทั่วไป,392
หลักสูตรวิศวกรรมไฟฟ้านี้ สังกัดคณะอะไร?,ข้อมูลทั่วไป,398
สาขาวิศวกรรมไฟฟ้า มีห้องปฏิบัติการอะไรบ้าง?,ข้อมูลทั่วไป,400
สามารถติดตามงานวิจัยของอาจารย์สาขาวิศวกรรมไฟฟ้าได้ที่ไหน?,ข้อมูลทั่วไป,421
หลักสูตรวิศวกรรมไฟฟ้าสื่อสารและระบบอัจฉริยะ มีชื่อเต็มและชื่อย่อว่าอย่างไร?,ข้อมูลทั่วไป,422
ปรัชญาของหลักสูตรวิศวกรรมอิเล็กทรอนิกส์และโทรคมนาคมคืออะไร?,ข้อมูลทั่วไป,423
วัตถุประสงค์ของหลักสูตรวิศวกรรมอิเล็กทรอนิกส์และโทรคมนาคม (Program Objectives) มีอะไรบ้าง?,ข้อมูลทั่วไป,424
อาจารย์ประจำหลักสูตรวิศวกรรมไฟฟ้าสื่อสารและระบบอัจฉริยะ มีใครบ้าง?,ข้อมูลทั่วไป,452
ประวัติและความเป็นมาของสาขาวิชาวิศวกรรมเมคคาทรอนิกส์ เป็นอย่างไร?,ข้อมูลพื้นฐานสาขา,453
วิสัยทัศน์ (Vision) ของสาขาวิศวกรรมเมคคาทรอนิกส์คืออะไร?,ข้อมูลพื้นฐานสาขา,454
พันธกิจ (Mission) ของสาขาวิศวกรรมเมคคาทรอนิกส์มีอะไรบ้าง?,ข้อมูลพื้นฐานสาขา,455
จุดเด่นของสาขาวิชาวิศวกรรมเมคคาทรอนิกส์คืออะไร?,ข้อมูลพื้นฐานสาขา,456
ทำไมต้องเลือกเรียนสาขาวิศวกรรมเมคคาทรอนิกส์ที่ มทร.พระนคร?,ข้อมูลพื้นฐานสาขา,457
สาขาวิศวกรรมเมคคาทรอนิกส์มีการจัดกิจกรรมหรืออบรมอะไรบ้าง?,ข่าวสารและกิจกรรม,466
สามารถติดตามข่าวสารและกิจกรรมของสาขาวิศวกรรมเมคคาทรอนิกส์ได้ที่ไหน?,ข่าวสารและกิจกรรม,467
ค่าเล่าเรียนของหลักสูตรวิศวกรรมไฟฟ้าเป็นอย่างไร?,ค่าธรรมเนียม,329
ค่าเล่าเรียนของหลักสูตรสื่อสารและระบบอัจฉริยะ เท่าไหร่?,ค่าธรรมเนียม,447
มีงานวิจัยเกี่ยวกับการวิเคราะห์ความผิดพร่องของหม้อแปลงไฟฟ้า (Transformer Fault) หรือไม่?,งานวิจัยและผลงาน,407
ขอข้อมูลงานวิจัยเกี่ยวกับการประเมินค่าไฟฟ้ากรณีไฟดับและระบบ Solar Rooftop ในโรงงานอุตสาหกรรม,งานวิจัยและผลงาน,408
มีงานวิจัยเกี่ยวกับการวางแผนปรับปรุงระบบจำหน่ายไฟฟ้าโดยคำนึงถึงความสูญเสียทางการเงินไหม?,งานวิจัยและผลงาน,409
ช่วยแนะนำงานวิจัยเรื่องการเพิ่มเสถียรภาพแรงดันไฟฟ้าด้วยระบบกักเก็บพลังงานแบตเตอรี่ (Battery Energy Storage) หน่อย,งานวิจัยและผลงาน,410
มีงานวิจัยเกี่ยวกับหม้อแปลงเทสลา (Tesla Transformer) และสนามไฟฟ้าไหม?,งานวิจัยและผลงาน,411
ขอลิงก์งานวิจัยเรื่องการลดระยะเวลาคืนทุนของระบบ Solar Rooftop จากการลดก๊าซเรือนกระจก,งานวิจัยและผลงาน,412
มีงานวิจัยเกี่ยวกับการแก้ปัญหาแรงดันตก (Voltage Sag) ด้วยระบบผลิตไฟฟ้าพลังงานแสงอาทิตย์ไหม?,งานวิจัยและผลงาน,413
ขอข้อมูลงานวิจัยภาษาไทยเรื่องการวางตำแหน่งเครื่องกำเนิดไฟฟ้าเพื่อความน่าเชื่อถือระบบจำหน่าย,งานวิจัยและผลงาน,414
มีงานวิจัยเกี่ยวกับผลกระทบของคุณภาพไฟฟ้าจากสถานีชาร์จรถ EV แบบชาร์จเร็ว (Fast Charge) ไหม?,งานวิจัยและผลงาน,415
งานวิจัยเรื่องระบบผลิตไฟฟ้าแสงอาทิตย์ร่วมกับระบบกักเก็บพลังงานในโรงงานอุตสาหกรรม มีรายละเอียดไหม?,งานวิจัยและผลงาน,416
มีผลงานวิจัยเกี่ยวกับการสูญเสียพลังงานในระบบจำหน่ายร่วมกับโรงไฟฟ้าพลังงานแสงอาทิตย์ไหม?,งานวิจัยและผลงาน,417
มีงานวิจัยเกี่ยวกับไฟฟ้าพลังน้ำขนาดเล็ก (Pico-Hydropower) สำหรับน้ำตกและคลองไหม?,งานวิจัยและผลงาน,418
งานวิจัยเรื่องการวัดค่า Dielectric Loss Factor ในสายส่งก๊าซฉนวน (GIL) มีไหม?,งานวิจัยและผลงาน,419
สาขาวิศวกรรมไฟฟ้ามีผลงานวิจัยเด่นๆ ด้านพลังงานทดแทนอะไรบ้าง?,งานวิจัยและผลงาน,420
วิชา EN2011106 เขียนแบบวิศวกรรมไฟฟ้า ของสาขาวิศวกรรมไฟฟ้า เรียนเกี่ยวกับอะไร?,รายวิชาและเนื้อหา,331
วิชา EN2011109 วงจรไฟฟ้า (Electric Circuits) ของสาขาวิศวกรรมไฟฟ้า มีเนื้อหาอย่างไร?,รายวิชาและเนื้อหา,332
วิชา EN2011210 วัสดุวิศวกรรมไฟฟ้า ของสาขาวิศวกรรมไฟฟ้า เรียนเกี่ยวกับอะไร?,รายวิชาและเนื้อหา,333
วิชา EN2011213 สนามแม่เหล็กไฟฟ้า (Electromagnetic Fields) ของสาขาวิศวกรรมไฟฟ้า ยากไหม เรียนอะไร?,รายวิชาและเนื้อหา,334
วิชา EN2012203 เครื่องจักรกลไฟฟ้า 1 ของสาขาวิศวกรรมไฟฟ้า เรียนเกี่ยวกับอะไร?,รายวิชาและเนื้อหา,335
วิชา EN2012306 เครื่องจักรกลไฟฟ้า 2 ของสาขาวิศวกรรมไฟฟ้า ต่อเนื่องจากตัวแรกอย่างไร?,รายวิชาและเนื้อหา,336
วิชา EN2012204 ระบบไฟฟ้ากำลัง (Electrical Power System) ของสาขาวิศวกรรมไฟฟ้า เรียนอะไรบ้าง?,รายวิชาและเนื้อหา,337
วิชา EN2012205 อิเล็กทรอนิกส์กำลัง (Power Electronics) ของสาขาวิศวกรรมไฟฟ้า สำคัญอย่างไร?,รายวิชาและเนื้อหา,338
วิชา EN2012307 การออกแบบระบบไฟฟ้า (Electrical System Design) ของสาขาวิศวกรรมไฟฟ้า เรียนออกแบบอะไร?,รายวิชาและเนื้อหา,339
วิชา EN2012309 วิศวกรรมไฟฟ้าแรงสูง (High Voltage Engineering) ของสาขาวิศวกรรมไฟฟ้า เรียนเกี่ยวกับอะไร?,รายวิชาและเนื้อหา,340
วิชา EN2012315 การป้องกันระบบไฟฟ้ากำลัง ของสาขาวิศวกรรมไฟฟ้า เรียนอะไร?,รายวิชาและเนื้อหา,341
วิชา EN2012316 พลังงานหมุนเวียน (Renewable Energy) ของสาขาวิศวกรรมไฟฟ้า มีเนื้อหาอะไรบ้าง?,รายวิชาและเนื้อหา,342
วิชา EN2012317 ระบบควบคุมแบบลำดับที่โปรแกรมได้ (PLC) ของสาขาวิศวกรรมไฟฟ้า เรียนอะไร?,รายวิชาและเนื้อหา,343
วิชา EN2012310 โรงต้นกำลังและสถานีไฟฟ้าย่อย ของสาขาวิศวกรรมไฟฟ้า เรียนเกี่ยวกับอะไร?,รายวิชาและเนื้อหา,344
วิชา EN2012311 คณิตศาสตร์วิศวกรรมไฟฟ้า ของสาขาวิศวกรรมไฟฟ้า เรียนอะไร?,รายวิชาและเนื้อหา,345
วิชา EN2012201 ปฏิบัติการทางวิศวกรรมไฟฟ้า 1 ของสาขาวิศวกรรมไฟฟ้า ทำอะไรบ้าง?,รายวิชาและเนื้อหา,346
วิชา EN2012202 ปฏิบัติการทางวิศวกรรมไฟฟ้า 2 ของสาขาวิศวกรรมไฟฟ้า ทำอะไรบ้าง?,รายวิชาและเนื้อหา,347
วิชา EN2012314 ปฏิบัติการทางวิศวกรรมไฟฟ้า 5 ของสาขาวิศวกรรมไฟฟ้า ทำอะไร?,รายวิชาและเนื้อหา,348
สหกิจศึกษาทางวิศวกรรมไฟฟ้า (Cooperative Education) ของสาขาวิศวกรรมไฟฟ้า คืออะไร?,รายวิชาและเนื้อหา,350
วิชาโครงงานวิศวกรรมไฟฟ้า (Project) ต้องทำตอนไหน?,รายวิชาและเนื้อหา,352
วิชา EN2011315 ระบบควบคุม (Control Systems) ของสาขาวิศวกรรมไฟฟ้า เรียนเกี่ยวกับอะไร?,รายวิชาและเนื้อหา,353
วิชา ST2031101 แคลคูลัส 1 สำหรับวิศวกร (ในหลักสูตรวิศวกรรมไฟฟ้า) เรียนอะไร?,รายวิชาและเนื้อหา,354
วิชา ST2051107 ฟิสิกส์ 1 สำหรับวิศวกร (ในหลักสูตรวิศวกรรมไฟฟ้า) เรียนอะไร?,รายวิชาและเนื้อหา,355
วิชา EN2041101 การโปรแกรมคอมพิวเตอร์ ของสาขาวิศวกรรมไฟฟ้า เรียนภาษาอะไร?,รายวิชาและเนื้อหา,356
วิชา EN2011211 การวัดและเครื่องมือวัดทางไฟฟ้า ของสาขาวิศวกรรมไฟฟ้า เรียนอะไร?,รายวิชาและเนื้อหา,357
วิชา EN2011212 อิเล็กทรอนิกส์วิศวกรรม ของสาขาวิศวกรรมไฟฟ้า เรียนอะไร?,รายวิชาและเนื้อหา,358
วิชา EN2011214 การสื่อสารข้อมูลและเครือข่าย ของสาขาวิศวกรรมไฟฟ้า เรียนอะไร?,รายวิชาและเนื้อหา,359
วิชาเลือกทางวิศวกรรม EN2013417 ผลกระทบของยานยนต์ไฟฟ้าต่อคุณภาพไฟฟ้า ของสาขาวิศวกรรมไฟฟ้า เรียนอะไร?,รายวิชาและเนื้อหา,363
วิชาเลือกทางวิศวกรรม EN2013413 การอนุรักษ์และการจัดการพลังงาน ของสาขาวิศวกรรมไฟฟ้า เรียนอะไร?,รายวิชาและเนื้อหา,364
วิชาเลือกทางวิศวกรรม EN2013414 วิศวกรรมส่องสว่าง ของสาขาวิศวกรรมไฟฟ้า เรียนอะไร?,รายวิชาและเนื้อหา,365
วิชาเลือกทางวิศวกรรม EN2013416 ความปลอดภัยทางวิศวกรรมไฟฟ้า ของสาขาวิศวกรรมไฟฟ้า เรียนอะไร?,รายวิชาและเนื้อหา,366
วิชาเลือกทางวิศวกรรม EN2013109 หลักการพื้นฐานความเข้ากันได้ทางแม่เหล็กไฟฟ้า (EMC) ของสาขาวิศวกรรมไฟฟ้า เรียนอะไร?,รายวิชาและเนื้อหา,367
วิชาบังคับก่อน (Prerequisite) ของวิชา กลศาสตร์วิศวกรรม ในหลักสูตรวิศวกรรมไฟฟ้า คือวิชาอะไร?,รายวิชาและเนื้อหา,372
วิชาบังคับก่อนของวิชา ระบบควบคุม (Control Systems) ในหลักสูตรวิศวกรรมไฟฟ้า คือวิชาอะไร?,รายวิชาและเนื้อหา,373
วิชาบังคับก่อนของวิชา การวิเคราะห์ระบบไฟฟ้ากำลัง ในหลักสูตรวิศวกรรมไฟฟ้า คือวิชาอะไร?,รายวิชาและเนื้อหา,374
วิชาบังคับก่อนของวิชา อิเล็กทรอนิกส์กำลัง ในหลักสูตรวิศวกรรมไฟฟ้า คือวิชาอะไร?,รายวิชาและเนื้อหา,375
วิชาบังคับก่อนของวิชา เครื่องจักรกลไฟฟ้า 2 ในหลักสูตรวิศวกรรมไฟฟ้า คือวิชาอะไร?,รายวิชาและเนื้อหา,376
วิชาบังคับก่อนของวิชา การป้องกันระบบไฟฟ้ากำลัง ในหลักสูตรวิศวกรรมไฟฟ้า คือวิชาอะไร?,รายวิชาและเนื้อหา,377
วิชาบังคับก่อนของวิชา การวิเคราะห์สนามไฟฟ้าในงานวิศวกรรมไฟฟ้าแรงสูง ในหลักสูตรวิศวกรรมไฟฟ้า คือวิชาอะไร?,รายวิชาและเนื้อหา,378
วิชาบังคับก่อนของวิชา โครงงานวิศวกรรมไฟฟ้า ในหลักสูตรวิศวกรรมไฟฟ้า คือวิชาอะไร?,รายวิชาและเนื้อหา,379
วิชาบังคับก่อนของวิชา สหกิจศึกษาทางวิศวกรรมไฟฟ้า ในหลักสูตรวิศวกรรมไฟฟ้า คือวิชาอะไร?,รายวิชาและเนื้อหา,380
วิชา ST2041103 เคมีสำหรับวิศวกร (ในหลักสูตรวิศวกรรมไฟฟ้า) เรียนอะไร?,รายวิชาและเนื้อหา,384
วิชา GE2200101 ภาษาอังกฤษเทคนิค (ในหลักสูตรวิศวกรรมไฟฟ้า) เรียนอะไร?,รายวิชาและเนื้อหา,385
วิชา GE2300107 กฎหมายและจริยธรรมในวิชาชีพ (ในหลักสูตรวิศวกรรมไฟฟ้า) เรียนอะไร?,รายวิชาและเนื้อหา,386
วิชา GE2700103 ชีวิตกับเทคโนโลยี (ในหลักสูตรวิศวกรรมไฟฟ้า) เรียนอะไร?,รายวิชาและเนื้อหา,387
วิชา GE2700105 การใช้ชีวิตที่เป็นมิตรกับสิ่งแวดล้อม (Green Living) (ในหลักสูตรวิศวกรรมไฟฟ้า) เรียนอะไร?,รายวิชาและเนื้อหา,388
สาขาวิศวกรรมไฟฟ้า มีวิชาสอนภาษาจีนหรือไม่?,รายวิชาและเนื้อหา,393
วิชา EN2013106 พื้นฐานที่จำเป็นด้านคณิตศาสตร์ สถิติ และคอมพิวเตอร์ สำหรับวิศวกรรมไฟฟ้า เรียนอะไร?,รายวิชาและเนื้อหา,394
วิชา EN2013410 หลักการพื้นฐานทรานเซียนต์ทางไฟฟ้าในระบบไฟฟ้ากำลัง (สาขาวิศวกรรมไฟฟ้า) เรียนอะไร?,รายวิชาและเนื้อหา,395
วิชา EN2013411 เทคโนโลยีสถานีไฟฟ้า (สาขาวิศวกรรมไฟฟ้า) เรียนอะไร?,รายวิชาและเนื้อหา,396
วิชา EN2013412 วิธีเชิงตัวเลขสำหรับวิศวกรไฟฟ้า (สาขาวิศวกรรมไฟฟ้า) เรียนอะไร?,รายวิชาและเนื้อหา,397
รหัสวิชา EN2013304 กรณีศึกษาสำหรับวิศวกรรมไฟฟ้า (ในหลักสูตรวิศวกรรมไฟฟ้า) เรียนอะไร?,รายวิชาและเนื้อหา,406
วิชา EN2221107 วงจรไฟฟ้า (Electric Circuits) ของสาขาสื่อสาร เรียนอะไร?,รายวิชาและเนื้อหา,428
วิชา EN2221111 สัญญาณและระบบ (Signals and Systems) เรียนเกี่ยวกับอะไร?,รายวิชาและเนื้อหา,429
วิชา EN2221204 สนามแม่เหล็กไฟฟ้า (Electromagnetic Fields) ของสาขาสื่อสาร เรียนอะไร?,รายวิชาและเนื้อหา,430
วิชา EN2222301 หลักการระบบสื่อสาร (Principles of Communication Systems) เรียนอะไร?,รายวิชาและเนื้อหา,431
วิชา EN2222303 การสื่อสารข้อมูลและเครือข่าย (Data Communications and Networks) เรียนอะไร?,รายวิชาและเนื้อหา,432
วิชา EN2222304 วิศวกรรมไมโครเวฟและสายอากาศ (Microwave and Antenna Engineering) เรียนอะไร?,รายวิชาและเนื้อหา,433
วิชา EN2222308 ปัญญาประดิษฐ์สำหรับวิศวกรรมไฟฟ้าสื่อสาร (Artificial Intelligence for Electrical Communication Engineering) เรียนอะไร?,รายวิชาและเนื้อหา,434
วิชา EN2222309 อินเทอร์เน็ตของสรรพสิ่ง (Internet of Things) เรียนอะไร?,รายวิชาและเนื้อหา,435
วิชา EN2221207 ระบบควบคุม (Control Systems) ของสาขาสื่อสาร เรียนอะไร?,รายวิชาและเนื้อหา,436
วิชา EN2221208 ไมโครคอนโทรลเลอร์และการอินเตอร์เฟส (Microcontrollers and Interfacing) เรียนอะไร?,รายวิชาและเนื้อหา,437
วิชา EN2221109 วงจรดิจิทัลและลอจิก (Digital Circuits and Logic Design) เรียนอะไร?,รายวิชาและเนื้อหา,438
วิชาบังคับก่อนของวิชา ระบบควบคุม (Control Systems) ในสาขาสื่อสารคือวิชาอะไร?,รายวิชาและเนื้อหา,442
วิชาบังคับก่อนของวิชา วิศวกรรมไมโครเวฟและสายอากาศ คือวิชาอะไร?,รายวิชาและเนื้อหา,443
วิชาบังคับก่อนของวิชา หลักการระบบสื่อสาร คือวิชาอะไร?,รายวิชาและเนื้อหา,444
วิชา EN2221105 คณิตศาสตร์วิศวกรรมไฟฟ้าสื่อสาร เรียนอะไร?,รายวิชาและเนื้อหา,448
วิชา EN2222410 โครงงานวิศวกรรมไฟฟ้าสื่อสารและระบบอัจฉริยะ ทำตอนไหน?,รายวิชาและเนื้อหา,450
สหกิจศึกษาของสาขาสื่อสารและระบบอัจฉริยะ คืออะไร?,รายวิชาและเนื้อหา,451
หลักสูตรที่เปิดสอนในระดับปริญญาตรีของสาขาวิศวกรรมเมคคาทรอนิกส์คือหลักสูตรอะไร?,หลักสูตรและวิชาเรียน,458
จำนวนหน่วยกิตรวมตลอดหลักสูตรสาขาวิศวกรรมเมคคาทรอนิกส์คือเท่าไหร่?,หลักสูตรและวิชาเรียน,459
ระยะเวลาเรียนตามหลักสูตรสาขาวิศวกรรมเมคคาทรอนิกส์คือกี่ปี?,หลักสูตรและวิชาเรียน,460
สาขาวิศวกรรมเมคคาทรอนิกส์มีวิชาเฉพาะสาขาที่น่าสนใจอะไรบ้าง?,หลักสูตรและวิชาเรียน,461
สาขาวิศวกรรมเมคคาทรอนิกส์มีการเรียนการสอนวิชาปฏิบัติการ (Lab) หรือไม่?,หลักสูตรและวิชาเรียน,462
อาชีพที่สามารถประกอบได้หลังสำเร็จการศึกษาวิศวกรรมไฟฟ้ามีอะไรบ้าง?,อาชีพและใบอนุญาต,326
วุฒิปริญญาวิศวกรรมไฟฟ้านี้ สามารถขอใบ กว. ได้หรือไม่?,อาชีพและใบอนุญาต,402
อาชีพที่สามารถประกอบได้หลังจบสาขาวิศวกรรมไฟฟ้าสื่อสารและระบบอัจฉริยะ?,อาชีพและใบอนุญาต,426
นักศึกษาสาขาวิศวกรรมเมคคาทรอนิกส์ต้องทำโครงงาน (Project) ก่อนจบการศึกษาหรือไม่?,โครงงานและงานวิจัย,463
สาขาวิศวกรรมเมคคาทรอนิกส์มีการส่งเสริมงานวิจัยอย่างไร?,โครงงานและงานวิจัย,464
สาขาวิศวกรรมเมคคาทรอนิกส์มีความร่วมมือกับภาคอุตสาหกรรมหรือสหกิจศึกษาหรือไม่?,โครงงานและงานวิจัย,465
หลักสูตรวิศวกรรมไฟฟ้า เรียนทั้งหมดกี่หน่วยกิต?,โครงสร้างหลักสูตร,323
โครงสร้างหลักสูตรวิศวกรรมไฟฟ้าแบ่งหมวดวิชาอย่างไร?,โครงสร้างหลักสูตร,330
ถ้าไม่ไปสหกิจศึกษาสาขาวิศวกรรมไฟฟ้า ต้องเรียนวิชาอะไรแทน?,โครงสร้างหลักสูตร,351
แผนการเรียนปี 1 เทอม 1 สาขาวิศวกรรมไฟฟ้า ต้องเรียนวิชาอะไรบ้าง?,โครงสร้างหลักสูตร,361
แผนการเรียนปี 4 เทอม 2 (เทอมสุดท้าย) สาขาวิศวกรรมไฟฟ้า ต้องเรียนอะไร?,โครงสร้างหลักสูตร,362
วิชาเลือกเสรีของสาขาวิศวกรรมไฟฟ้า คืออะไร?,โครงสร้างหลักสูตร,389
วิชาแกนทางวิศวกรรม (ในหลักสูตรวิศวกรรมไฟฟ้า) มีกี่หน่วยกิต?,โครงสร้างหลักสูตร,403
วิชาเฉพาะบังคับทางวิศวกรรมไฟฟ้า มีกี่หน่วยกิต?,โครงสร้างหลักสูตร,404
วิชาเลือกทางวิศวกรรมไฟฟ้า ต้องเรียนกี่หน่วยกิต?,โครงสร้างหลักสูตร,405
หลักสูตรวิศวกรรมไฟฟ้าสื่อสารและระบบอัจฉริยะ เรียนทั้งหมดกี่หน่วยกิต?,โครงสร้างหลักสูตร,425
โครงสร้างหลักสูตรวิศวกรรมไฟฟ้าสื่อสารและระบบอัจฉริยะ แบ่งหมวดวิชาอย่างไร?,โครงสร้างหลักสูตร,427
แผนการเรียนปี 1 เทอม 1 สาขาสื่อสารและระบบอัจฉริยะ เรียนวิชาอะไรบ้าง?,โครงสร้างหลักสูตร,439
แผนการเรียนปี 3 เทอม 1 สาขาสื่อสารและระบบอัจฉริยะ เรียนวิชาอะไรบ้าง?,โครงสร้างหลักสูตร,440
วิชาเลือกทางวิศวกรรม สาขาสื่อสาร มีวิชาอะไรน่าสนใจบ้าง?,โครงสร้างหลักสูตร,449
